,date,utm_source_and_medium,utm_campaign,user_count,session_count
0,2024-09-18,(not set),(not set),545,690
1,2024-09-18,(direct) / (none),(direct),253,304
2,2024-09-18,google / cpc,(not set),259,273
3,2024-09-18,google / organic,(organic),144,170
4,2024-09-18,facebook / cpc,campaign_14,125,128
5,2024-09-18,google / cpc,hu_brand,97,114
6,2024-09-18,google / cpc,campaign_15,99,105
7,2024-09-18,google / cpc,campaign_16,67,76
8,2024-09-18,google / cpc,campaign_17,54,58
9,2024-09-18,google / cpc,hu_pmax_brand,41,43
10,2024-09-18,facebook / cpc,campaign_18,27,27
11,2024-09-18,l.facebook.com / referral,(referral),24,26
12,2024-09-18,m.facebook.com / referral,(referral),15,24
13,2024-09-18,google / cpc,campaign_19,15,24
14,2024-09-18,google / cpc,(organic),17,21
15,2024-09-18,ntp.msn.com / referral,(referral),13,17
16,2024-09-18,redir.d-edgeconnect.media / referral,(referral),16,17
17,2024-09-18,google / cpc,campaign_20,13,17
18,2024-09-18,ajanlat / offline,campaign_2,13,17
19,2024-09-18,google / cpc,campaign_22,11,14
20,2024-09-18,facebook / cpc,campaign_21,13,14
21,2024-09-18,google / cpc,campaign_24,9,14
22,2024-09-18,msn.com / referral,(referral),6,13
23,2024-09-18,source_1,(referral),9,11
24,2024-09-18,google / cpc,campaign_23,10,10
25,2024-09-18,google / cpc,campaign_25,7,9
26,2024-09-18,ajanlat / offline,proposal-by-phone,7,9
27,2024-09-18,googleads.g.doubleclick.net / referral,(referral),8,8
28,2024-09-18,bing / cpc,campaign_36,0,8
29,2024-09-18,bing / cpc,campaign_9,8,8
30,2024-09-18,google / cpc,campaign_26,6,8
31,2024-09-18,lm.facebook.com / referral,(referral),6,6
32,2024-09-18,bing / cpc,campaign_28,5,6
33,2024-09-18,google / cpc,utm_campaign,4,6
34,2024-09-18,bing / organic,(organic),4,5
35,2024-09-18,google / cpc,campaign_27,5,5
36,2024-09-18,seznam / organic,(organic),3,4
37,2024-09-18,bing / cpc,campaign_37,0,4
38,2024-09-18,google / cpc,campaign_30,3,4
39,2024-09-18,bing / cpc,campaign_29,4,4
40,2024-09-18,(direct) / (none),(not set),2,3
41,2024-09-18,google / organic,(not set),3,3
42,2024-09-18,email.seznam.cz / referral,(referral),2,3
43,2024-09-18,hotelcms.hu / referral,(referral),3,3
44,2024-09-18,bing / cpc,campaign_13,0,3
45,2024-09-18,statics.teams.cdn.office.net / referral,(referral),1,2
46,2024-09-18,world.a1.net / referral,(referral),1,2
47,2024-09-18,bing / cpc,campaign_33,1,2
48,2024-09-18,source_9,hirlevel_c3,1,2
49,2024-09-18,live / organic,(not set),0,1
50,2024-09-18,(direct) / (none),(not+set),1,1
51,2024-09-18,google / organic,(not+set),1,1
52,2024-09-18,app.zoomsphere.com / referral,(referral),0,1
53,2024-09-18,connexservice.com / referral,(referral),1,1
54,2024-09-18,source_10,(referral),1,1
55,2024-09-18,economica.net / referral,(referral),1,1
56,2024-09-18,source_22,(referral),0,1
57,2024-09-18,instagram.com / referral,(referral),0,1
58,2024-09-18,mail.google.com / referral,(referral),0,1
59,2024-09-18,zadir.hu / referral,(referral),0,1
60,2024-09-18,fb / paid,campaign_8,1,1
61,2024-09-18,bing / cpc,campaign_31,1,1
62,2024-09-18,bing / cpc,campaign_6,0,1
63,2024-09-18,bing / cpc,campaign_32,1,1
64,2024-09-18,source_11,campaign_4,1,1
65,2024-09-18,google / cpc,campaign_34,1,1
66,2024-09-18,bing / cpc,campaign_38,0,1
67,2024-09-18,bing / cpc,campaign_39,0,1
68,2024-09-18,bing / cpc,campaign_35,1,1
69,2024-09-18,bing / cpc,campaign_40,0,1
70,2024-09-18,facebook / cpc,campaign_1,0,1
71,2024-09-18,email / offline,proposal-by-phone,0,1
72,2024-09-18,phone / offline,proposal-by-phone,1,1
73,2024-09-19,bing / cpc,campaign_31,4,7
74,2024-09-19,phone / offline,proposal-by-phone,0,1
75,2024-09-19,(direct) / (none),(direct),233,282
76,2024-09-19,google / organic,(organic),129,152
77,2024-09-19,google / cpc,hu_brand,95,110
78,2024-09-19,facebook / cpc,campaign_14,102,108
79,2024-09-19,google / cpc,campaign_16,84,100
80,2024-09-19,google / cpc,campaign_15,67,74
81,2024-09-19,google / cpc,campaign_17,54,56
82,2024-09-19,google / cpc,hu_pmax_brand,47,49
83,2024-09-19,facebook / cpc,campaign_18,45,46
84,2024-09-19,m.facebook.com / referral,(referral),26,31
85,2024-09-19,l.facebook.com / referral,(referral),27,28
86,2024-09-19,google / cpc,campaign_24,23,27
87,2024-09-19,ntp.msn.com / referral,(referral),17,26
88,2024-09-19,google / cpc,campaign_20,17,26
89,2024-09-19,source_1,(referral),10,22
90,2024-09-19,ajanlat / offline,proposal-by-phone,14,19
91,2024-09-19,ajanlat / offline,campaign_2,11,17
92,2024-09-19,google / cpc,campaign_19,16,16
93,2024-09-19,google / cpc,campaign_23,10,16
94,2024-09-19,lm.facebook.com / referral,(referral),15,15
95,2024-09-19,bing / cpc,campaign_9,14,15
96,2024-09-19,google / cpc,(organic),7,14
97,2024-09-19,msn.com / referral,(referral),12,14
98,2024-09-19,redir.d-edgeconnect.media / referral,(referral),13,14
99,2024-09-19,bing / cpc,campaign_36,0,9
100,2024-09-19,google / cpc,campaign_22,7,9
101,2024-09-19,facebook / cpc,campaign_21,6,9
102,2024-09-19,bing / organic,(organic),6,8
103,2024-09-19,(not set),(not set),511,661
104,2024-09-19,(direct) / (none),(not set),0,6
105,2024-09-19,source_11,campaign_4,4,6
106,2024-09-19,googleads.g.doubleclick.net / referral,(referral),4,5
107,2024-09-19,bing / cpc,campaign_29,4,5
108,2024-09-19,google / cpc,campaign_26,3,5
109,2024-09-19,google / cpc,utm_campaign,3,5
110,2024-09-19,l.instagram.com / referral,(referral),2,4
111,2024-09-19,google / cpc,campaign_25,4,4
112,2024-09-19,google / cpc,campaign_27,4,4
113,2024-09-19,bing / cpc,campaign_41,1,4
114,2024-09-19,bing / cpc,campaign_28,3,3
115,2024-09-19,ajanlat / email,campaign_7,2,3
116,2024-09-19,seznam / organic,(organic),2,2
117,2024-09-19,email.seznam.cz / referral,(referral),1,2
118,2024-09-19,instagram.com / referral,(referral),2,2
119,2024-09-19,mail.google.com / referral,(referral),2,2
120,2024-09-19,origo.hu / referral,(referral),2,2
121,2024-09-19,google / organic,(not set),1,1
122,2024-09-19,(direct) / (none),(not+set),1,1
123,2024-09-19,click.pstmrk.it / referral,(referral),0,1
124,2024-09-19,connexservice.com / referral,(referral),1,1
125,2024-09-19,dailybusiness.ro / referral,(referral),1,1
126,2024-09-19,hotelcms.hu / referral,(referral),1,1
127,2024-09-19,remekkupon.com / referral,(referral),1,1
128,2024-09-19,zadir.hu / referral,(referral),0,1
129,2024-09-19,ig / paid,campaign_58,1,1
130,2024-09-19,bing / cpc,campaign_37,0,1
131,2024-09-19,bing / cpc,campaign_32,0,1
132,2024-09-19,google / cpc,campaign_34,0,1
133,2024-09-19,bing / cpc,campaign_39,1,1
134,2024-09-19,bing / cpc,campaign_35,1,1
135,2024-09-19,source_9,hirlevel_c3,1,1
136,2024-09-19,loyalty / email,loyalty-email,1,1
137,2024-09-19,google / cpc,(not set),243,283
138,2024-09-20,google / cpc,(not set),220,246
139,2024-09-20,facebook.com / post,campaign_44,1,1
140,2024-09-20,(not set),(not set),428,543
141,2024-09-20,google / organic,(organic),117,128
142,2024-09-20,google / cpc,hu_brand,104,126
143,2024-09-20,google / cpc,campaign_16,103,118
144,2024-09-20,facebook / cpc,campaign_14,112,114
145,2024-09-20,google / cpc,campaign_15,81,85
146,2024-09-20,google / cpc,hu_pmax_brand,43,47
147,2024-09-20,m.facebook.com / referral,(referral),38,39
148,2024-09-20,facebook / cpc,campaign_18,37,37
149,2024-09-20,l.facebook.com / referral,(referral),28,36
150,2024-09-20,google / cpc,campaign_20,27,29
151,2024-09-20,lm.facebook.com / referral,(referral),26,27
152,2024-09-20,google / cpc,campaign_17,25,27
153,2024-09-20,google / cpc,campaign_19,21,23
154,2024-09-20,google / cpc,campaign_22,12,17
155,2024-09-20,ntp.msn.com / referral,(referral),14,16
156,2024-09-20,google / cpc,(organic),7,14
157,2024-09-20,google / cpc,campaign_23,10,12
158,2024-09-20,ajanlat / offline,campaign_2,9,12
159,2024-09-20,facebook / cpc,campaign_21,10,11
160,2024-09-20,google / cpc,campaign_26,7,11
161,2024-09-20,ajanlat / offline,proposal-by-phone,5,11
162,2024-09-20,bing / organic,(organic),4,10
163,2024-09-20,redir.d-edgeconnect.media / referral,(referral),3,10
164,2024-09-20,bing / cpc,campaign_9,7,10
165,2024-09-20,googleads.g.doubleclick.net / referral,(referral),7,9
166,2024-09-20,msn.com / referral,(referral),6,9
167,2024-09-20,google / cpc,campaign_24,8,9
168,2024-09-20,bing / cpc,campaign_28,6,8
169,2024-09-20,google / cpc,campaign_25,7,7
170,2024-09-20,google / cpc,campaign_27,6,7
171,2024-09-20,seznam / organic,(organic),6,6
172,2024-09-20,source_1,(referral),5,6
173,2024-09-20,bing / cpc,campaign_29,5,6
174,2024-09-20,google / cpc,campaign_30,3,5
175,2024-09-20,(direct) / (none),(not set),2,4
176,2024-09-20,google / organic,(not set),1,4
177,2024-09-20,l.instagram.com / referral,(referral),3,4
178,2024-09-20,email / offline,proposal-by-phone,1,3
179,2024-09-20,phone / offline,proposal-by-phone,1,3
180,2024-09-20,google / cpc,utm_campaign,3,3
181,2024-09-20,(direct) / (none),(not+set),0,2
182,2024-09-20,hotelcms.hu / referral,(referral),0,2
183,2024-09-20,bing / cpc,campaign_31,2,2
184,2024-09-20,bing / cpc,campaign_42,2,2
185,2024-09-20,google / cpc,campaign_43,1,2
186,2024-09-20,m.facebook.com / referral,(not set),1,1
187,2024-09-20,bigfarm.goodgamestudios.com / referral,(referral),1,1
188,2024-09-20,cdn.performax.cz / referral,(referral),1,1
189,2024-09-20,source_10,(referral),1,1
190,2024-09-20,email.seznam.cz / referral,(referral),0,1
191,2024-09-20,google / cpc,(referral),1,1
192,2024-09-20,hcemm.eu / referral,(referral),1,1
193,2024-09-20,instagram.com / referral,(referral),1,1
194,2024-09-20,source_13,(referral),1,1
195,2024-09-20,mail.google.com / referral,(referral),1,1
196,2024-09-20,romaniatv.net / referral,(referral),1,1
197,2024-09-20,thedoctornews.com / referral,(referral),1,1
198,2024-09-20,world.a1.net / referral,(referral),0,1
199,2024-09-20,zadir.hu / referral,(referral),1,1
200,2024-09-20,source_11,campaign_4,1,1
201,2024-09-20,bing / cpc,campaign_33,1,1
202,2024-09-20,google / cpc,campaign_34,1,1
203,2024-09-20,bing / cpc,campaign_13,1,1
204,2024-09-20,bing / cpc,campaign_35,1,1
205,2024-09-20,(direct) / (none),(direct),236,287
206,2024-09-21,ajanlat / email,campaign_7,2,8
207,2024-09-21,(direct) / (none),(direct),205,233
208,2024-09-21,google / cpc,(not set),174,198
209,2024-09-21,google / organic,(organic),107,141
210,2024-09-21,facebook / cpc,campaign_14,116,122
211,2024-09-21,google / cpc,campaign_16,94,115
212,2024-09-21,google / cpc,hu_brand,94,111
213,2024-09-21,google / cpc,campaign_15,80,94
214,2024-09-21,google / cpc,campaign_17,39,70
215,2024-09-21,m.facebook.com / referral,(referral),61,61
216,2024-09-21,google / cpc,hu_pmax_brand,55,58
217,2024-09-21,facebook / cpc,campaign_18,46,48
218,2024-09-21,google / cpc,campaign_20,32,34
219,2024-09-21,l.facebook.com / referral,(referral),33,33
220,2024-09-21,l.instagram.com / referral,(referral),30,31
221,2024-09-21,google / cpc,campaign_23,13,16
222,2024-09-21,source_1,(referral),10,15
223,2024-09-21,google / cpc,campaign_24,13,15
224,2024-09-21,redir.d-edgeconnect.media / referral,(referral),7,14
225,2024-09-21,lm.facebook.com / referral,(referral),12,13
226,2024-09-21,bing / cpc,campaign_9,9,13
227,2024-09-21,google / cpc,campaign_19,11,13
228,2024-09-21,google / cpc,(organic),6,11
229,2024-09-21,bing / cpc,campaign_29,10,10
230,2024-09-21,facebook / cpc,campaign_21,10,10
231,2024-09-21,google / cpc,campaign_26,6,9
232,2024-09-21,(not set),(not set),423,557
233,2024-09-21,googleads.g.doubleclick.net / referral,(referral),5,7
234,2024-09-21,ntp.msn.com / referral,(referral),4,7
235,2024-09-21,google / cpc,campaign_30,6,7
236,2024-09-21,ajanlat / offline,campaign_2,4,7
237,2024-09-21,google / cpc,campaign_22,4,6
238,2024-09-21,google / cpc,campaign_25,4,5
239,2024-09-21,google / cpc,campaign_27,5,5
240,2024-09-21,ajanlat / offline,proposal-by-phone,2,5
241,2024-09-21,email / offline,proposal-by-phone,4,5
242,2024-09-21,google / cpc,utm_campaign,1,5
243,2024-09-21,google / organic,(not set),3,4
244,2024-09-21,seznam / organic,(organic),3,3
245,2024-09-21,msn.com / referral,(referral),1,3
246,2024-09-21,origo.hu / referral,(referral),0,3
247,2024-09-21,bing / cpc,campaign_28,3,3
248,2024-09-21,m.facebook.com / referral,(not+set),1,2
249,2024-09-21,bing / organic,(organic),1,2
250,2024-09-21,google / cpc,campaign_43,1,2
251,2024-09-21,bing / cpc,campaign_35,2,2
252,2024-09-21,(direct) / (none),(not set),1,1
253,2024-09-21,(direct) / (none),(not+set),0,1
254,2024-09-21,source_14,(referral),1,1
255,2024-09-21,instagram.com / referral,(referral),1,1
256,2024-09-21,mail.google.com / referral,(referral),0,1
257,2024-09-21,morgens.hu / referral,(referral),1,1
258,2024-09-21,pagead2.googlesyndication.com / referral,(referral),1,1
259,2024-09-21,pimeyes.com / referral,(referral),1,1
260,2024-09-21,remekkupon.com / referral,(referral),0,1
261,2024-09-21,romaniatv.net / referral,(referral),1,1
262,2024-09-21,bing / cpc,campaign_31,1,1
263,2024-09-21,bing / cpc,campaign_45,1,1
264,2024-09-21,bing / cpc,campaign_40,1,1
265,2024-09-22,(not set),(not set),510,712
266,2024-09-22,(direct) / (none),(direct),215,259
267,2024-09-22,google / cpc,(not set),211,236
268,2024-09-22,facebook / cpc,campaign_14,188,192
269,2024-09-22,google / cpc,campaign_16,129,162
270,2024-09-22,google / organic,(organic),132,160
271,2024-09-22,google / cpc,hu_brand,97,120
272,2024-09-22,facebook / cpc,campaign_18,73,75
273,2024-09-22,google / cpc,campaign_15,62,70
274,2024-09-22,l.facebook.com / referral,(referral),45,66
275,2024-09-22,m.facebook.com / referral,(referral),62,63
276,2024-09-22,google / cpc,campaign_17,48,51
277,2024-09-22,google / cpc,campaign_20,37,46
278,2024-09-22,google / cpc,hu_pmax_brand,42,45
279,2024-09-22,google / cpc,campaign_19,31,41
280,2024-09-22,googleads.g.doubleclick.net / referral,(referral),24,24
281,2024-09-22,google / cpc,campaign_25,17,18
282,2024-09-22,google / cpc,campaign_23,15,18
283,2024-09-22,lm.facebook.com / referral,(referral),11,15
284,2024-09-22,source_1,(referral),10,14
285,2024-09-22,seznam / organic,(organic),11,12
286,2024-09-22,google / cpc,campaign_24,12,12
287,2024-09-22,bing / cpc,campaign_28,8,11
288,2024-09-22,redir.d-edgeconnect.media / referral,(referral),7,10
289,2024-09-22,facebook / cpc,campaign_21,6,10
290,2024-09-22,ntp.msn.com / referral,(referral),7,9
291,2024-09-22,google / cpc,campaign_22,5,9
292,2024-09-22,google / cpc,(organic),2,8
293,2024-09-22,google / cpc,campaign_30,6,8
294,2024-09-22,google / cpc,campaign_27,5,8
295,2024-09-22,bing / cpc,campaign_29,8,8
296,2024-09-22,ajanlat / offline,campaign_2,5,7
297,2024-09-22,l.instagram.com / referral,(referral),5,5
298,2024-09-22,google / cpc,campaign_26,4,5
299,2024-09-22,bing / organic,(organic),3,4
300,2024-09-22,bing / cpc,campaign_9,2,4
301,2024-09-22,bing / cpc,campaign_31,2,4
302,2024-09-22,ajanlat / offline,proposal-by-phone,2,4
303,2024-09-22,source_10,(referral),1,2
304,2024-09-22,msn.com / referral,(referral),1,2
305,2024-09-22,bing / cpc,campaign_42,0,2
306,2024-09-22,google / cpc,campaign_43,0,2
307,2024-09-22,ajanlat / email,campaign_7,2,2
308,2024-09-22,google / cpc,utm_campaign,1,2
309,2024-09-22,google / organic,(not set),1,1
310,2024-09-22,m.facebook.com / referral,(not set),0,1
311,2024-09-22,yahoo / organic,(organic),1,1
312,2024-09-22,168.hu / referral,(referral),1,1
313,2024-09-22,connexservice.com / referral,(referral),1,1
314,2024-09-22,source_15,(referral),1,1
315,2024-09-22,google / cpc,(referral),0,1
316,2024-09-22,hcemm.eu / referral,(referral),1,1
317,2024-09-22,instagram.com / referral,(referral),1,1
318,2024-09-22,kapu.hu / referral,(referral),1,1
319,2024-09-22,mail.google.com / referral,(referral),1,1
320,2024-09-22,pagead2.googlesyndication.com / referral,(referral),1,1
321,2024-09-22,ig / paid,campaign_58,1,1
322,2024-09-22,source_11,campaign_4,0,1
323,2024-09-22,google / cpc,campaign_34,1,1
324,2024-09-23,m.facebook.com / referral,(referral),55,58
325,2024-09-23,(direct) / (none),(direct),272,329
326,2024-09-23,google / cpc,(not set),222,259
327,2024-09-23,google / organic,(organic),168,205
328,2024-09-23,google / cpc,hu_brand,137,159
329,2024-09-23,facebook / cpc,campaign_18,139,143
330,2024-09-23,facebook / cpc,campaign_14,134,142
331,2024-09-23,google / cpc,campaign_16,111,138
332,2024-09-23,google / cpc,campaign_15,111,120
333,2024-09-23,google / cpc,hu_pmax_brand,40,60
334,2024-09-23,google / cpc,campaign_17,58,59
335,2024-09-23,(not set),(not set),556,718
336,2024-09-23,l.facebook.com / referral,(referral),53,57
337,2024-09-23,google / cpc,campaign_19,30,35
338,2024-09-23,google / cpc,campaign_20,19,33
339,2024-09-23,facebook / cpc,campaign_21,23,25
340,2024-09-23,bing / cpc,campaign_9,24,24
341,2024-09-23,google / cpc,campaign_24,19,24
342,2024-09-23,google / organic,(not set),20,20
343,2024-09-23,google / cpc,(organic),6,19
344,2024-09-23,source_1,(referral),10,17
345,2024-09-23,bing / cpc,campaign_28,2,16
346,2024-09-23,google / cpc,campaign_23,6,14
347,2024-09-23,google / cpc,campaign_26,6,14
348,2024-09-23,bing / cpc,campaign_29,2,13
349,2024-09-23,googleads.g.doubleclick.net / referral,(referral),8,12
350,2024-09-23,ntp.msn.com / referral,(referral),6,12
351,2024-09-23,redir.d-edgeconnect.media / referral,(referral),11,12
352,2024-09-23,bing / organic,(organic),7,11
353,2024-09-23,google / cpc,campaign_27,6,10
354,2024-09-23,google / cpc,campaign_22,9,10
355,2024-09-23,l.instagram.com / referral,(referral),5,8
356,2024-09-23,lm.facebook.com / referral,(referral),8,8
357,2024-09-23,google / cpc,campaign_30,3,7
358,2024-09-23,ajanlat / offline,campaign_2,6,6
359,2024-09-23,google / cpc,utm_campaign,5,6
360,2024-09-23,msn.com / referral,(referral),4,5
361,2024-09-23,bing / cpc,campaign_31,5,5
362,2024-09-23,google / cpc,campaign_25,5,5
363,2024-09-23,bing / cpc,campaign_35,5,5
364,2024-09-23,ajanlat / offline,proposal-by-phone,2,5
365,2024-09-23,phone / offline,proposal-by-phone,4,5
366,2024-09-23,google / cpc,campaign_43,3,4
367,2024-09-23,email / offline,proposal-by-phone,2,4
368,2024-09-23,(direct) / (none),(not set),2,3
369,2024-09-23,seznam / organic,(organic),2,3
370,2024-09-23,statics.teams.cdn.office.net / referral,(referral),2,3
371,2024-09-23,bing / cpc,campaign_45,1,3
372,2024-09-23,facebook / cpc,campaign_1,2,3
373,2024-09-23,ajanlat / email,campaign_7,2,3
374,2024-09-23,mail.google.com / referral,(referral),1,2
375,2024-09-23,zadir.hu / referral,(referral),2,2
376,2024-09-23,source_1,(not set),1,1
377,2024-09-23,m.facebook.com / referral,(not+set),0,1
378,2024-09-23,economica.net / referral,(referral),1,1
379,2024-09-23,facebook.com / referral,(referral),1,1
380,2024-09-23,hcemm.eu / referral,(referral),1,1
381,2024-09-23,instagram.com / referral,(referral),1,1
382,2024-09-23,morgens.hu / referral,(referral),0,1
383,2024-09-23,snapchat.com / referral,(referral),1,1
384,2024-09-23,fb / paid,campaign_46,1,1
385,2024-09-23,ig / paid,campaign_58,1,1
386,2024-09-23,fb / paid,campaign_47,1,1
387,2024-09-23,bing / cpc,campaign_32,1,1
388,2024-09-23,bing / cpc,campaign_42,1,1
389,2024-09-23,source_11,campaign_48,1,1
390,2024-09-23,source_11,campaign_4,1,1
391,2024-09-23,bing / cpc,campaign_38,1,1
392,2024-09-23,source_16,hirlevel_c6,1,1
393,2024-09-23,loyalty / email,loyalty-email,1,1
394,2024-09-24,(not set),(not set),570,744
395,2024-09-24,(direct) / (none),(direct),255,300
396,2024-09-24,facebook / cpc,campaign_14,211,221
397,2024-09-24,google / cpc,(not set),187,211
398,2024-09-24,facebook / cpc,campaign_18,176,183
399,2024-09-24,google / organic,(organic),151,180
400,2024-09-24,google / cpc,hu_brand,132,151
401,2024-09-24,google / cpc,campaign_16,121,142
402,2024-09-24,google / cpc,campaign_15,94,114
403,2024-09-24,l.facebook.com / referral,(referral),54,60
404,2024-09-24,google / cpc,hu_pmax_brand,52,58
405,2024-09-24,m.facebook.com / referral,(referral),57,57
406,2024-09-24,source_1,(referral),28,31
407,2024-09-24,facebook / cpc,campaign_21,28,31
408,2024-09-24,google / cpc,campaign_19,25,29
409,2024-09-24,ntp.msn.com / referral,(referral),20,28
410,2024-09-24,google / cpc,campaign_20,12,23
411,2024-09-24,google / cpc,campaign_17,18,23
412,2024-09-24,googleads.g.doubleclick.net / referral,(referral),8,18
413,2024-09-24,redir.d-edgeconnect.media / referral,(referral),14,17
414,2024-09-24,l.instagram.com / referral,(referral),3,14
415,2024-09-24,google / cpc,campaign_26,11,14
416,2024-09-24,ajanlat / offline,campaign_2,9,14
417,2024-09-24,google / cpc,campaign_24,12,13
418,2024-09-24,google / cpc,(organic),10,12
419,2024-09-24,bing / cpc,campaign_35,5,11
420,2024-09-24,bing / cpc,campaign_28,10,11
421,2024-09-24,bing / cpc,campaign_29,6,11
422,2024-09-24,lm.facebook.com / referral,(referral),9,10
423,2024-09-24,bing / cpc,campaign_9,3,10
424,2024-09-24,email / offline,proposal-by-phone,8,10
425,2024-09-24,google / organic,(not set),8,8
426,2024-09-24,phone / offline,proposal-by-phone,5,8
427,2024-09-24,seznam / organic,(organic),3,7
428,2024-09-24,google / cpc,campaign_23,5,7
429,2024-09-24,google / cpc,campaign_30,3,6
430,2024-09-24,google / cpc,campaign_22,4,6
431,2024-09-24,ajanlat / email,campaign_7,1,6
432,2024-09-24,bing / cpc,campaign_31,5,5
433,2024-09-24,ajanlat / offline,proposal-by-phone,4,5
434,2024-09-24,bing / organic,(organic),4,4
435,2024-09-24,google / cpc,campaign_25,4,4
436,2024-09-24,hcemm.eu / referral,(referral),3,3
437,2024-09-24,instagram.com / referral,(referral),1,3
438,2024-09-24,bing / cpc,campaign_45,0,3
439,2024-09-24,google / cpc,utm_campaign,3,3
440,2024-09-24,(direct) / (none),(not set),1,2
441,2024-09-24,email.seznam.cz / referral,(referral),2,2
442,2024-09-24,msn.com / referral,(referral),1,2
443,2024-09-24,zadir.hu / referral,(referral),2,2
444,2024-09-24,bing / cpc,campaign_32,2,2
445,2024-09-24,google / cpc,campaign_27,0,2
446,2024-09-24,source_16,hirlevel_c6,2,2
447,2024-09-24,source_1,(not set),1,1
448,2024-09-24,l.instagram.com / referral,(not set),1,1
449,2024-09-24,app.zoomsphere.com / referral,(referral),1,1
450,2024-09-24,connexservice.com / referral,(referral),1,1
451,2024-09-24,source_13,(referral),1,1
452,2024-09-24,mail.google.com / referral,(referral),1,1
453,2024-09-24,mindmegette.hu / referral,(referral),1,1
454,2024-09-24,pimeyes.com / referral,(referral),0,1
455,2024-09-24,youtube.com / referral,(referral),1,1
456,2024-09-24,fb / paid,campaign_8,1,1
457,2024-09-24,fb / paid,campaign_46,1,1
458,2024-09-24,ig / paid,campaign_58,1,1
459,2024-09-24,bing / cpc,campaign_42,1,1
460,2024-09-24,google / cpc,campaign_34,1,1
461,2024-09-24,bing / cpc,campaign_40,0,1
462,2024-09-24,facebook / cpc,campaign_1,1,1
463,2024-09-24,source_17,hirlevel_c9,1,1
464,2024-09-25,google / cpc,hu_brand,133,151
465,2024-09-25,source_17,hirlevel_c9,1,1
466,2024-09-25,google / cpc,(not set),161,191
467,2024-09-25,facebook / cpc,campaign_18,163,165
468,2024-09-25,google / organic,(organic),136,159
469,2024-09-25,(not set),(not set),487,614
470,2024-09-25,google / cpc,campaign_16,114,135
471,2024-09-25,facebook / cpc,campaign_14,126,131
472,2024-09-25,google / cpc,campaign_15,81,89
473,2024-09-25,l.facebook.com / referral,(referral),39,56
474,2024-09-25,google / cpc,hu_pmax_brand,47,49
475,2024-09-25,m.facebook.com / referral,(referral),38,41
476,2024-09-25,google / cpc,campaign_19,26,28
477,2024-09-25,lm.facebook.com / referral,(referral),25,25
478,2024-09-25,bing / cpc,campaign_9,24,25
479,2024-09-25,ajanlat / offline,campaign_2,14,24
480,2024-09-25,redir.d-edgeconnect.media / referral,(referral),12,20
481,2024-09-25,ntp.msn.com / referral,(referral),10,15
482,2024-09-25,facebook / cpc,campaign_21,15,15
483,2024-09-25,bing / organic,(organic),9,11
484,2024-09-25,msn.com / referral,(referral),11,11
485,2024-09-25,googleads.g.doubleclick.net / referral,(referral),0,10
486,2024-09-25,source_1,(referral),10,10
487,2024-09-25,bing / cpc,campaign_35,4,9
488,2024-09-25,bing / cpc,campaign_28,7,9
489,2024-09-25,google / cpc,(organic),3,8
490,2024-09-25,google / cpc,campaign_20,2,8
491,2024-09-25,google / cpc,campaign_26,4,8
492,2024-09-25,phone / offline,proposal-by-phone,3,7
493,2024-09-25,l.instagram.com / referral,(referral),4,6
494,2024-09-25,google / organic,(not set),4,5
495,2024-09-25,bing / cpc,campaign_31,4,5
496,2024-09-25,bing / cpc,campaign_29,5,5
497,2024-09-25,ajanlat / offline,proposal-by-phone,4,5
498,2024-09-25,email / offline,proposal-by-phone,3,5
499,2024-09-25,google / cpc,(referral),4,4
500,2024-09-25,ig / paid,campaign_58,0,3
501,2024-09-25,google / cpc,campaign_30,2,3
502,2024-09-25,bing / cpc,campaign_45,0,3
503,2024-09-25,google / cpc,campaign_43,1,3
504,2024-09-25,google / cpc,campaign_25,2,3
505,2024-09-25,google / cpc,campaign_22,0,3
506,2024-09-25,(direct) / (none),(not set),2,2
507,2024-09-25,seznam / organic,(organic),1,2
508,2024-09-25,app.zoomsphere.com / referral,(referral),2,2
509,2024-09-25,trc.taboola.com / referral,(referral),1,2
510,2024-09-25,zadir.hu / referral,(referral),1,2
511,2024-09-25,fb / paid,campaign_47,1,2
512,2024-09-25,google / cpc,campaign_17,1,2
513,2024-09-25,source_11,campaign_48,1,2
514,2024-09-25,google / cpc,campaign_23,0,2
515,2024-09-25,google / cpc,campaign_24,1,2
516,2024-09-25,ajanlat / email,campaign_7,2,2
517,2024-09-25,google / cpc,utm_campaign,2,2
518,2024-09-25,source_1,(not set),0,1
519,2024-09-25,(direct) / (none),(not+set),1,1
520,2024-09-25,yahoo / organic,(organic),1,1
521,2024-09-25,source_18,(referral),1,1
522,2024-09-25,source_19,(referral),1,1
523,2024-09-25,hcemm.eu / referral,(referral),1,1
524,2024-09-25,mail.google.com / referral,(referral),1,1
525,2024-09-25,morgens.hu / referral,(referral),1,1
526,2024-09-25,outlook.live.com / referral,(referral),1,1
527,2024-09-25,fb / paid,campaign_46,0,1
528,2024-09-25,bing / cpc,campaign_42,1,1
529,2024-09-25,source_11,campaign_4,1,1
530,2024-09-25,bing / cpc,campaign_33,0,1
531,2024-09-25,google / cpc,campaign_27,0,1
532,2024-09-25,bing / cpc,campaign_38,0,1
533,2024-09-25,facebook / cpc,campaign_1,0,1
534,2024-09-25,(direct) / (none),(direct),210,240
535,2024-09-26,google / cpc,campaign_17,0,3
536,2024-09-26,(direct) / (none),(direct),366,406
537,2024-09-26,google / organic,(organic),164,189
538,2024-09-26,facebook / cpc,campaign_18,156,170
539,2024-09-26,facebook / cpc,campaign_14,149,154
540,2024-09-26,google / cpc,(not set),120,153
541,2024-09-26,google / cpc,campaign_16,108,144
542,2024-09-26,google / cpc,hu_brand,117,137
543,2024-09-26,google / cpc,campaign_15,108,121
544,2024-09-26,google / cpc,hu_pmax_brand,54,65
545,2024-09-26,l.facebook.com / referral,(referral),58,59
546,2024-09-26,m.facebook.com / referral,(referral),28,30
547,2024-09-26,source_1,(referral),12,27
548,2024-09-26,google / cpc,campaign_19,19,24
549,2024-09-26,ntp.msn.com / referral,(referral),11,23
550,2024-09-26,facebook / cpc,campaign_21,13,20
551,2024-09-26,ajanlat / offline,campaign_2,10,17
552,2024-09-26,lm.facebook.com / referral,(referral),16,16
553,2024-09-26,bing / cpc,campaign_9,15,16
554,2024-09-26,google / cpc,(organic),6,15
555,2024-09-26,redir.d-edgeconnect.media / referral,(referral),8,13
556,2024-09-26,phone / offline,proposal-by-phone,4,11
557,2024-09-26,l.instagram.com / referral,(referral),5,9
558,2024-09-26,bing / cpc,campaign_35,7,9
559,2024-09-26,bing / cpc,campaign_28,7,9
560,2024-09-26,bing / cpc,campaign_29,4,9
561,2024-09-26,google / cpc,campaign_30,5,8
562,2024-09-26,email.seznam.cz / referral,(referral),2,7
563,2024-09-26,msn.com / referral,(referral),7,7
564,2024-09-26,ajanlat / offline,proposal-by-phone,6,7
565,2024-09-26,google / cpc,campaign_20,3,6
566,2024-09-26,source_11,campaign_4,5,6
567,2024-09-26,google / cpc,campaign_26,6,6
568,2024-09-26,email / offline,proposal-by-phone,2,6
569,2024-09-26,bing / organic,(organic),5,5
570,2024-09-26,hcemm.eu / referral,(referral),4,5
571,2024-09-26,zadir.hu / referral,(referral),2,5
572,2024-09-26,bing / cpc,campaign_31,3,4
573,2024-09-26,source_22,(referral),1,3
574,2024-09-26,instagram.com / referral,(referral),3,3
575,2024-09-26,bing / cpc,campaign_42,2,3
576,2024-09-26,(not set),(not set),511,659
577,2024-09-26,ajanlat / email,campaign_7,3,3
578,2024-09-26,google / organic,(not set),1,2
579,2024-09-26,source_21,(referral),1,2
580,2024-09-26,app.zoomsphere.com / referral,(referral),1,2
581,2024-09-26,mail.google.com / referral,(referral),2,2
582,2024-09-26,google / cpc,campaign_25,1,2
583,2024-09-26,bing / cpc,campaign_33,1,2
584,2024-09-26,google / cpc,campaign_34,2,2
585,2024-09-26,google / cpc,campaign_22,2,2
586,2024-09-26,google / cpc,utm_campaign,2,2
587,2024-09-26,(direct) / (none),(not set),1,1
588,2024-09-26,ecosia.org / organic,(organic),1,1
589,2024-09-26,seznam / organic,(organic),1,1
590,2024-09-26,source_6,(referral),1,1
591,2024-09-26,source_20,(referral),1,1
592,2024-09-26,connexservice.com / referral,(referral),1,1
593,2024-09-26,economica.net / referral,(referral),1,1
594,2024-09-26,glamour.hu / referral,(referral),1,1
595,2024-09-26,gmail.hu / referral,(referral),1,1
596,2024-09-26,google / cpc,(referral),1,1
597,2024-09-26,googleads.g.doubleclick.net / referral,(referral),0,1
598,2024-09-26,link.azet.sk / referral,(referral),1,1
599,2024-09-26,source_12,(referral),1,1
600,2024-09-26,t.post.sme.sk / referral,(referral),1,1
601,2024-09-26,webmail.telekom.hu / referral,(referral),1,1
602,2024-09-26,fb / paid,campaign_46,0,1
603,2024-09-26,bing / cpc,campaign_32,0,1
604,2024-09-26,google / cpc,campaign_43,1,1
605,2024-09-26,source_11,campaign_48,1,1
606,2024-09-26,google / cpc,campaign_27,1,1
607,2024-09-26,google / cpc,campaign_51,1,1
608,2024-09-26,facebook / cpc,campaign_1,0,1
609,2024-09-26,source_16,hirlevel_c6,1,1
610,2024-09-26,source_9,hirlevel_c5,1,1
611,2024-09-26,source_9,hirlevel_c3,1,1
612,2024-09-27,(not set),(not set),438,554
613,2024-09-27,(direct) / (none),(direct),285,328
614,2024-09-27,google / organic,(organic),138,157
615,2024-09-27,google / cpc,hu_brand,115,134
616,2024-09-27,google / cpc,(not set),112,131
617,2024-09-27,google / cpc,campaign_16,100,118
618,2024-09-27,google / cpc,campaign_15,86,91
619,2024-09-27,facebook / cpc,campaign_14,84,88
620,2024-09-27,facebook / cpc,campaign_18,34,56
621,2024-09-27,google / cpc,hu_pmax_brand,47,51
622,2024-09-27,l.facebook.com / referral,(referral),17,28
623,2024-09-27,google / cpc,campaign_19,21,23
624,2024-09-27,ntp.msn.com / referral,(referral),19,22
625,2024-09-27,bing / cpc,campaign_9,15,17
626,2024-09-27,source_1,(referral),9,16
627,2024-09-27,redir.d-edgeconnect.media / referral,(referral),13,15
628,2024-09-27,facebook / cpc,campaign_21,15,15
629,2024-09-27,google / cpc,(organic),6,12
630,2024-09-27,m.facebook.com / referral,(referral),9,12
631,2024-09-27,msn.com / referral,(referral),8,12
632,2024-09-27,google / cpc,campaign_26,9,12
633,2024-09-27,bing / cpc,campaign_29,7,9
634,2024-09-27,ajanlat / offline,campaign_2,2,8
635,2024-09-27,bing / cpc,campaign_35,4,7
636,2024-09-27,google / organic,(not set),3,6
637,2024-09-27,bing / organic,(organic),5,6
638,2024-09-27,lm.facebook.com / referral,(referral),5,6
639,2024-09-27,bing / cpc,campaign_28,3,6
640,2024-09-27,google / cpc,utm_campaign,4,6
641,2024-09-27,bing / cpc,campaign_31,3,4
642,2024-09-27,google / cpc,campaign_17,2,4
643,2024-09-27,phone / offline,proposal-by-phone,4,4
644,2024-09-27,(direct) / (none),(not set),1,3
645,2024-09-27,google / cpc,campaign_30,2,3
646,2024-09-27,email / offline,proposal-by-phone,2,3
647,2024-09-27,source_6,(referral),2,2
648,2024-09-27,source_10,(referral),2,2
649,2024-09-27,email.seznam.cz / referral,(referral),2,2
650,2024-09-27,google / cpc,(referral),0,2
651,2024-09-27,instagram.com / referral,(referral),2,2
652,2024-09-27,webmail.telekom.hu / referral,(referral),2,2
653,2024-09-27,zadir.hu / referral,(referral),0,2
654,2024-09-27,google / cpc,campaign_20,1,2
655,2024-09-27,bing / cpc,campaign_42,2,2
656,2024-09-27,google / cpc,campaign_25,1,2
657,2024-09-27,facebook / cpc,campaign_1,2,2
658,2024-09-27,source_17,hirlevel_c9,0,2
659,2024-09-27,loyalty / email,loyalty-email,1,2
660,2024-09-27,ajanlat / email,campaign_7,0,2
661,2024-09-27,ajanlat / offline,proposal-by-phone,1,2
662,2024-09-27,m.facebook.com / referral,(not set),1,1
663,2024-09-27,yahoo / organic,(organic),0,1
664,2024-09-27,3c-bap.gmx.net / referral,(referral),1,1
665,2024-09-27,app.zoomsphere.com / referral,(referral),1,1
666,2024-09-27,de.search.yahoo.com / referral,(referral),1,1
667,2024-09-27,drei.at / referral,(referral),1,1
668,2024-09-27,glamour.hu / referral,(referral),1,1
669,2024-09-27,gmail.hu / referral,(referral),1,1
670,2024-09-27,hcemm.eu / referral,(referral),1,1
671,2024-09-27,source_13,(referral),1,1
672,2024-09-27,kapu.hu / referral,(referral),1,1
673,2024-09-27,kereso.startlap.hu / referral,(referral),1,1
674,2024-09-27,l.instagram.com / referral,(referral),1,1
675,2024-09-27,mail.centrum.cz / referral,(referral),1,1
676,2024-09-27,morgens.hu / referral,(referral),1,1
677,2024-09-27,t-amail.centrum.cz / referral,(referral),1,1
678,2024-09-27,trc.taboola.com / referral,(referral),1,1
679,2024-09-27,bing / cpc,campaign_37,1,1
680,2024-09-27,google / cpc,campaign_43,0,1
681,2024-09-27,source_11,campaign_48,1,1
682,2024-09-27,source_11,campaign_4,1,1
683,2024-09-27,google / cpc,campaign_27,1,1
684,2024-09-27,google / cpc,campaign_34,1,1
685,2024-09-27,google / cpc,campaign_53,1,1
686,2024-09-27,bing / cpc,campaign_39,1,1
687,2024-09-28,google / cpc,campaign_19,14,17
688,2024-09-28,(direct) / (none),(direct),252,290
689,2024-09-28,google / organic,(organic),112,134
690,2024-09-28,google / cpc,campaign_16,103,124
691,2024-09-28,google / cpc,(not set),94,107
692,2024-09-28,google / cpc,hu_brand,89,105
693,2024-09-28,facebook / cpc,campaign_14,97,103
694,2024-09-28,google / cpc,campaign_15,85,93
695,2024-09-28,google / cpc,hu_pmax_brand,48,53
696,2024-09-28,facebook / cpc,campaign_18,41,44
697,2024-09-28,bing / cpc,campaign_9,21,24
698,2024-09-28,l.facebook.com / referral,(referral),21,21
699,2024-09-28,redir.d-edgeconnect.media / referral,(referral),12,19
700,2024-09-28,google / cpc,(organic),12,18
701,2024-09-28,(not set),(not set),376,505
702,2024-09-28,facebook / cpc,campaign_21,15,15
703,2024-09-28,source_1,(referral),7,9
704,2024-09-28,msn.com / referral,(referral),6,9
705,2024-09-28,ajanlat / offline,campaign_2,5,9
706,2024-09-28,m.facebook.com / referral,(referral),8,8
707,2024-09-28,bing / cpc,campaign_29,6,8
708,2024-09-28,instagram.com / referral,(referral),7,7
709,2024-09-28,google / cpc,campaign_30,7,7
710,2024-09-28,google / cpc,campaign_26,7,7
711,2024-09-28,bing / organic,(organic),3,6
712,2024-09-28,ntp.msn.com / referral,(referral),6,6
713,2024-09-28,l.instagram.com / referral,(referral),4,5
714,2024-09-28,ajanlat / offline,proposal-by-phone,3,5
715,2024-09-28,email / offline,proposal-by-phone,4,5
716,2024-09-28,seznam / organic,(organic),4,4
717,2024-09-28,google / cpc,campaign_20,2,4
718,2024-09-28,(direct) / (none),(not set),2,3
719,2024-09-28,google / organic,(not set),3,3
720,2024-09-28,email.seznam.cz / referral,(referral),1,3
721,2024-09-28,bing / cpc,campaign_31,3,3
722,2024-09-28,bing / cpc,campaign_42,3,3
723,2024-09-28,bing / cpc,campaign_28,3,3
724,2024-09-28,source_9,hirlevel_c3,2,3
725,2024-09-28,loyalty / email,loyalty-email,2,3
726,2024-09-28,hcemm.eu / referral,(referral),2,2
727,2024-09-28,source_22,(referral),0,2
728,2024-09-28,outlook.live.com / referral,(referral),1,2
729,2024-09-28,source_7,(referral),1,2
730,2024-09-28,ecosia.org / organic,(organic),0,1
731,2024-09-28,app.zoomsphere.com / referral,(referral),0,1
732,2024-09-28,glamour.hu / referral,(referral),0,1
733,2024-09-28,googleads.g.doubleclick.net / referral,(referral),1,1
734,2024-09-28,ingatlan.com / referral,(referral),1,1
735,2024-09-28,source_13,(referral),1,1
736,2024-09-28,kereso.startlap.hu / referral,(referral),1,1
737,2024-09-28,link.azet.sk / referral,(referral),0,1
738,2024-09-28,lm.facebook.com / referral,(referral),1,1
739,2024-09-28,mail.centrum.cz / referral,(referral),1,1
740,2024-09-28,mail.google.com / referral,(referral),0,1
741,2024-09-28,source_12,(referral),1,1
742,2024-09-28,origo.hu / referral,(referral),1,1
743,2024-09-28,romaniatv.net / referral,(referral),1,1
744,2024-09-28,trc.taboola.com / referral,(referral),1,1
745,2024-09-28,bing / cpc,campaign_45,1,1
746,2024-09-28,google / cpc,campaign_17,1,1
747,2024-09-28,google / cpc,campaign_25,1,1
748,2024-09-28,source_11,campaign_48,0,1
749,2024-09-28,google / cpc,campaign_34,1,1
750,2024-09-28,bing / cpc,campaign_35,0,1
751,2024-09-28,ajanlat / email,campaign_7,0,1
752,2024-09-28,phone / offline,proposal-by-phone,1,1
753,2024-09-28,google / cpc,utm_campaign,1,1
754,2024-09-29,(not set),(not set),421,556
755,2024-09-29,(direct) / (none),(direct),254,281
756,2024-09-29,google / cpc,(not set),126,147
757,2024-09-29,google / cpc,campaign_16,113,138
758,2024-09-29,google / organic,(organic),110,130
759,2024-09-29,google / cpc,hu_brand,109,128
760,2024-09-29,google / cpc,campaign_15,116,123
761,2024-09-29,facebook / cpc,campaign_14,108,111
762,2024-09-29,google / cpc,hu_pmax_brand,70,78
763,2024-09-29,google / cpc,campaign_19,27,33
764,2024-09-29,l.facebook.com / referral,(referral),19,27
765,2024-09-29,facebook / cpc,campaign_18,16,24
766,2024-09-29,facebook / cpc,campaign_21,22,22
767,2024-09-29,redir.d-edgeconnect.media / referral,(referral),10,18
768,2024-09-29,source_1,(referral),9,14
769,2024-09-29,m.facebook.com / referral,(referral),12,14
770,2024-09-29,phone / offline,proposal-by-phone,7,10
771,2024-09-29,email / offline,proposal-by-phone,1,9
772,2024-09-29,lm.facebook.com / referral,(referral),6,8
773,2024-09-29,instagram.com / referral,(referral),6,7
774,2024-09-29,bing / cpc,campaign_31,6,7
775,2024-09-29,google / cpc,campaign_26,3,7
776,2024-09-29,ntp.msn.com / referral,(referral),5,6
777,2024-09-29,bing / cpc,campaign_28,4,6
778,2024-09-29,ajanlat / offline,campaign_2,5,6
779,2024-09-29,bing / cpc,campaign_42,2,5
780,2024-09-29,bing / cpc,campaign_29,3,5
781,2024-09-29,google / cpc,(organic),2,4
782,2024-09-29,msn.com / referral,(referral),1,4
783,2024-09-29,google / cpc,campaign_30,3,4
784,2024-09-29,bing / cpc,campaign_35,2,4
785,2024-09-29,ajanlat / offline,proposal-by-phone,1,4
786,2024-09-29,seznam / organic,(organic),3,3
787,2024-09-29,3c-bap.gmx.net / referral,(referral),0,3
788,2024-09-29,l.instagram.com / referral,(referral),3,3
789,2024-09-29,origo.hu / referral,(referral),3,3
790,2024-09-29,source_16,hirlevel_c6,3,3
791,2024-09-29,glamour.hu / referral,(referral),2,2
792,2024-09-29,webmail.telekom.hu / referral,(referral),0,2
793,2024-09-29,bing / cpc,campaign_9,0,2
794,2024-09-29,ajanlat / email,campaign_7,1,2
795,2024-09-29,bing / organic,(organic),1,1
796,2024-09-29,click.pstmrk.it / referral,(referral),1,1
797,2024-09-29,dailybusiness.ro / referral,(referral),1,1
798,2024-09-29,freedreams.ch / referral,(referral),1,1
799,2024-09-29,gmail.hu / referral,(referral),1,1
800,2024-09-29,mail.centrum.cz / referral,(referral),1,1
801,2024-09-29,outlook.live.com / referral,(referral),1,1
802,2024-09-29,penzcentrum.hu / referral,(referral),1,1
803,2024-09-29,trc.taboola.com / referral,(referral),0,1
804,2024-09-29,source_7,(referral),1,1
805,2024-09-29,google / cpc,campaign_20,0,1
806,2024-09-29,google / cpc,campaign_17,0,1
807,2024-09-29,source_11,campaign_4,1,1
808,2024-09-29,bing / cpc,campaign_33,1,1
809,2024-09-29,google / cpc,campaign_34,0,1
810,2024-09-29,bing / cpc,campaign_39,0,1
811,2024-09-29,source_9,hirlevel_c5,1,1
812,2024-09-29,google / cpc,utm_campaign,0,1
813,2024-09-30,(not set),(not set),430,565
814,2024-09-30,(direct) / (none),(direct),213,258
815,2024-09-30,google / organic,(organic),177,200
816,2024-09-30,google / cpc,campaign_16,112,135
817,2024-09-30,google / cpc,hu_brand,116,135
818,2024-09-30,google / cpc,(not set),102,125
819,2024-09-30,google / cpc,campaign_15,109,118
820,2024-09-30,facebook / cpc,campaign_14,84,87
821,2024-09-30,google / cpc,hu_pmax_brand,70,75
822,2024-09-30,l.facebook.com / referral,(referral),23,30
823,2024-09-30,facebook / cpc,campaign_21,26,27
824,2024-09-30,m.facebook.com / referral,(referral),26,26
825,2024-09-30,google / cpc,campaign_19,20,22
826,2024-09-30,redir.d-edgeconnect.media / referral,(referral),8,13
827,2024-09-30,ajanlat / offline,campaign_2,5,13
828,2024-09-30,source_1,(referral),8,12
829,2024-09-30,ntp.msn.com / referral,(referral),8,12
830,2024-09-30,lm.facebook.com / referral,(referral),10,11
831,2024-09-30,bing / cpc,campaign_9,0,11
832,2024-09-30,bing / cpc,campaign_29,6,11
833,2024-09-30,google / cpc,campaign_26,6,11
834,2024-09-30,facebook / cpc,campaign_18,5,10
835,2024-09-30,bing / organic,(organic),3,9
836,2024-09-30,google / cpc,(organic),4,9
837,2024-09-30,bing / cpc,campaign_31,6,9
838,2024-09-30,bing / cpc,campaign_28,7,9
839,2024-09-30,(direct) / (none),(not set),4,8
840,2024-09-30,msn.com / referral,(referral),2,6
841,2024-09-30,google / organic,(not set),5,5
842,2024-09-30,seznam / organic,(organic),4,5
843,2024-09-30,ajanlat / email,campaign_7,4,5
844,2024-09-30,phone / offline,proposal-by-phone,4,5
845,2024-09-30,google / cpc,campaign_30,2,4
846,2024-09-30,ajanlat / offline,proposal-by-phone,1,4
847,2024-09-30,source_12,(referral),0,3
848,2024-09-30,pl.search.yahoo.com / referral,(referral),1,3
849,2024-09-30,romaniatv.net / referral,(referral),2,3
850,2024-09-30,bing / cpc,campaign_35,3,3
851,2024-09-30,loyalty / email,loyalty-email,2,3
852,2024-09-30,source_1,(not set),2,2
853,2024-09-30,app.zoomsphere.com / referral,(referral),2,2
854,2024-09-30,email.seznam.cz / referral,(referral),2,2
855,2024-09-30,ingatlan.com / referral,(referral),0,2
856,2024-09-30,email / offline,proposal-by-phone,1,2
857,2024-09-30,source_6,(referral),1,1
858,2024-09-30,borsonline.hu / referral,(referral),1,1
859,2024-09-30,glamour.hu / referral,(referral),1,1
860,2024-09-30,hcemm.eu / referral,(referral),1,1
861,2024-09-30,hotelcms.hu / referral,(referral),1,1
862,2024-09-30,source_22,(referral),1,1
863,2024-09-30,index.hu / referral,(referral),1,1
864,2024-09-30,kereso.startlap.hu / referral,(referral),1,1
865,2024-09-30,l.instagram.com / referral,(referral),0,1
866,2024-09-30,m.hvg.hu / referral,(referral),1,1
867,2024-09-30,magyarnemzet.hu / referral,(referral),1,1
868,2024-09-30,nepszava.hu / referral,(referral),1,1
869,2024-09-30,noklapja.hu / referral,(referral),1,1
870,2024-09-30,origo.hu / referral,(referral),0,1
871,2024-09-30,trc.taboola.com / referral,(referral),1,1
872,2024-09-30,zadir.hu / referral,(referral),1,1
873,2024-09-30,google / cpc,campaign_54,1,1
874,2024-09-30,google / cpc,campaign_20,0,1
875,2024-09-30,google / cpc,campaign_17,1,1
876,2024-09-30,google / cpc,campaign_25,1,1
877,2024-09-30,google / cpc,campaign_34,1,1
878,2024-09-30,google / cpc,campaign_24,1,1
879,2024-10-01,(not set),(not set),364,428
880,2024-10-01,(direct) / (none),(direct),147,180
881,2024-10-01,google / cpc,campaign_15,140,154
882,2024-10-01,google / organic,(organic),124,140
883,2024-10-01,google / cpc,(not set),111,134
884,2024-10-01,google / cpc,campaign_16,96,115
885,2024-10-01,google / cpc,hu_brand,93,110
886,2024-10-01,facebook / cpc,campaign_14,61,65
887,2024-10-01,google / cpc,hu_pmax_brand,57,58
888,2024-10-01,google / cpc,campaign_17,39,41
889,2024-10-01,google / cpc,campaign_19,20,28
890,2024-10-01,ntp.msn.com / referral,(referral),17,21
891,2024-10-01,m.facebook.com / referral,(referral),18,19
892,2024-10-01,google / cpc,campaign_20,18,19
893,2024-10-01,facebook / cpc,campaign_18,18,18
894,2024-10-01,facebook / cpc,campaign_21,17,18
895,2024-10-01,l.facebook.com / referral,(referral),15,15
896,2024-10-01,source_1,(referral),12,14
897,2024-10-01,ajanlat / offline,campaign_2,11,14
898,2024-10-01,msn.com / referral,(referral),14,13
899,2024-10-01,redir.d-edgeconnect.media / referral,(referral),9,9
900,2024-10-01,bing / cpc,campaign_31,5,8
901,2024-10-01,bing / cpc,campaign_28,6,8
902,2024-10-01,bing / cpc,campaign_29,6,8
903,2024-10-01,google / cpc,campaign_26,6,8
904,2024-10-01,google / cpc,(organic),5,7
905,2024-10-01,outlook.live.com / referral,(referral),7,7
906,2024-10-01,google / cpc,campaign_23,7,7
907,2024-10-01,bing / organic,(organic),4,6
908,2024-10-01,bing / cpc,campaign_42,2,5
909,2024-10-01,ajanlat / offline,proposal-by-phone,2,5
910,2024-10-01,phone / offline,proposal-by-phone,3,5
911,2024-10-01,(direct) / (none),(not set),2,3
912,2024-10-01,seznam / organic,(organic),2,3
913,2024-10-01,google / cpc,utm_campaign,2,3
914,2024-10-01,google / organic,(not set),1,2
915,2024-10-01,source_1,(not set),1,2
916,2024-10-01,lm.facebook.com / referral,(referral),2,2
917,2024-10-01,statics.teams.cdn.office.net / referral,(referral),2,2
918,2024-10-01,google / cpc,campaign_43,1,2
919,2024-10-01,google / cpc,campaign_24,1,2
920,2024-10-01,source_16,hirlevel_c6,2,2
921,2024-10-01,source_9,hirlevel_c5,1,2
922,2024-10-01,source_18,(referral),1,1
923,2024-10-01,app.asana.com / referral,(referral),1,1
924,2024-10-01,hcemm.eu / referral,(referral),1,1
925,2024-10-01,source_22,(referral),1,1
926,2024-10-01,instagram.com / referral,(referral),1,1
927,2024-10-01,mail.google.com / referral,(referral),1,1
928,2024-10-01,metropol.hu / referral,(referral),1,1
929,2024-10-01,source_12,(referral),1,1
930,2024-10-01,pl.search.yahoo.com / referral,(referral),1,1
931,2024-10-01,romaniatv.net / referral,(referral),1,1
932,2024-10-01,trc.taboola.com / referral,(referral),1,1
933,2024-10-01,bing / cpc,campaign_9,1,1
934,2024-10-01,google / cpc,campaign_30,1,1
935,2024-10-01,bing / cpc,campaign_38,1,1
936,2024-10-01,bing / cpc,campaign_35,0,1
937,2024-10-01,ajanlat / email,campaign_7,1,1
938,2024-10-02,bing / cpc,campaign_28,7,9
939,2024-10-02,(direct) / (none),(direct),152,174
940,2024-10-02,google / cpc,(not set),149,165
941,2024-10-02,google / organic,(organic),116,133
942,2024-10-02,google / cpc,hu_brand,99,131
943,2024-10-02,google / cpc,campaign_15,104,112
944,2024-10-02,google / cpc,campaign_16,84,105
945,2024-10-02,google / cpc,hu_pmax_brand,78,85
946,2024-10-02,facebook / cpc,campaign_14,68,76
947,2024-10-02,google / cpc,campaign_17,52,55
948,2024-10-02,google / cpc,campaign_19,21,33
949,2024-10-02,m.facebook.com / referral,(referral),30,31
950,2024-10-02,l.facebook.com / referral,(referral),27,28
951,2024-10-02,lm.facebook.com / referral,(referral),22,23
952,2024-10-02,facebook / cpc,campaign_18,22,23
953,2024-10-02,source_1,(referral),19,22
954,2024-10-02,facebook / cpc,campaign_21,21,22
955,2024-10-02,ntp.msn.com / referral,(referral),17,19
956,2024-10-02,google / cpc,campaign_20,17,19
957,2024-10-02,msn.com / referral,(referral),16,18
958,2024-10-02,bing / cpc,campaign_29,12,14
959,2024-10-02,redir.d-edgeconnect.media / referral,(referral),11,12
960,2024-10-02,phone / offline,proposal-by-phone,6,10
961,2024-10-02,(not set),(not set),348,376
962,2024-10-02,bing / cpc,campaign_31,6,7
963,2024-10-02,ajanlat / offline,campaign_2,5,7
964,2024-10-02,google / cpc,campaign_26,5,6
965,2024-10-02,bing / organic,(organic),4,4
966,2024-10-02,google / cpc,campaign_23,4,4
967,2024-10-02,mail.centrum.cz / referral,(referral),1,3
968,2024-10-02,outlook.live.com / referral,(referral),3,3
969,2024-10-02,bing / cpc,campaign_42,3,3
970,2024-10-02,ajanlat / offline,proposal-by-phone,3,3
971,2024-10-02,seznam / organic,(organic),2,2
972,2024-10-02,source_22,(referral),2,2
973,2024-10-02,l.instagram.com / referral,(referral),2,2
974,2024-10-02,zadir.hu / referral,(referral),1,2
975,2024-10-02,bing / cpc,campaign_9,1,2
976,2024-10-02,google / cpc,campaign_43,1,2
977,2024-10-02,source_9,hirlevel_c5,1,2
978,2024-10-02,source_1,(not set),1,1
979,2024-10-02,duckduckgo / organic,(organic),1,1
980,2024-10-02,google / cpc,(organic),1,1
981,2024-10-02,source_18,(referral),1,1
982,2024-10-02,glamour.hu / referral,(referral),0,1
983,2024-10-02,hotelcms.hu / referral,(referral),1,1
984,2024-10-02,source_13,(referral),1,1
985,2024-10-02,mail.google.com / referral,(referral),1,1
986,2024-10-02,metropol.hu / referral,(referral),1,1
987,2024-10-02,romaniatv.net / referral,(referral),0,1
988,2024-10-02,statics.teams.cdn.office.net / referral,(referral),1,1
989,2024-10-02,trc.taboola.com / referral,(referral),1,1
990,2024-10-02,google / cpc,campaign_30,1,1
991,2024-10-02,source_11,campaign_4,1,1
992,2024-10-02,google / cpc,campaign_34,1,1
993,2024-10-02,google / cpc,campaign_24,1,1
994,2024-10-02,google / cpc,utm_campaign,1,1
995,2024-10-03,(not set),(not set),355,382
996,2024-10-03,(direct) / (none),(direct),176,197
997,2024-10-03,google / cpc,(not set),132,156
998,2024-10-03,google / cpc,campaign_15,138,146
999,2024-10-03,google / organic,(organic),115,142
1000,2024-10-03,google / cpc,hu_brand,106,140
1001,2024-10-03,google / cpc,campaign_16,93,111
1002,2024-10-03,google / cpc,campaign_17,58,66
1003,2024-10-03,facebook / cpc,campaign_14,54,58
1004,2024-10-03,google / cpc,hu_pmax_brand,55,57
1005,2024-10-03,facebook / cpc,campaign_18,22,22
1006,2024-10-03,google / cpc,campaign_19,16,21
1007,2024-10-03,m.facebook.com / referral,(referral),19,20
1008,2024-10-03,ajanlat / offline,campaign_2,13,18
1009,2024-10-03,ntp.msn.com / referral,(referral),9,17
1010,2024-10-03,bing / cpc,campaign_29,17,17
1011,2024-10-03,source_1,(referral),11,14
1012,2024-10-03,l.facebook.com / referral,(referral),12,12
1013,2024-10-03,google / cpc,campaign_23,9,12
1014,2024-10-03,google / cpc,campaign_20,11,11
1015,2024-10-03,facebook / cpc,campaign_21,11,11
1016,2024-10-03,phone / offline,proposal-by-phone,6,9
1017,2024-10-03,bing / organic,(organic),6,8
1018,2024-10-03,google / cpc,(organic),3,7
1019,2024-10-03,redir.d-edgeconnect.media / referral,(referral),6,7
1020,2024-10-03,bing / cpc,campaign_31,7,7
1021,2024-10-03,google / cpc,campaign_30,5,6
1022,2024-10-03,msn.com / referral,(referral),4,5
1023,2024-10-03,bing / cpc,campaign_28,4,5
1024,2024-10-03,google / cpc,utm_campaign,4,5
1025,2024-10-03,lm.facebook.com / referral,(referral),4,4
1026,2024-10-03,outlook.live.com / referral,(referral),4,4
1027,2024-10-03,google / cpc,campaign_26,4,4
1028,2024-10-03,zadir.hu / referral,(referral),1,3
1029,2024-10-03,facebook / cpc,campaign_1,2,3
1030,2024-10-03,ajanlat / email,campaign_7,3,3
1031,2024-10-03,ajanlat / offline,proposal-by-phone,2,3
1032,2024-10-03,email / offline,proposal-by-phone,3,3
1033,2024-10-03,(direct) / (none),(not set),2,2
1034,2024-10-03,seznam / organic,(organic),2,2
1035,2024-10-03,kereso.startlap.hu / referral,(referral),1,2
1036,2024-10-03,l.instagram.com / referral,(referral),2,2
1037,2024-10-03,mail.centrum.cz / referral,(referral),1,2
1038,2024-10-03,source_11,campaign_4,2,2
1039,2024-10-03,loyalty / email,loyalty-email,1,2
1040,2024-10-03,source_18,(referral),1,1
1041,2024-10-03,source_23,(referral),1,1
1042,2024-10-03,economica.net / referral,(referral),1,1
1043,2024-10-03,instagram.com / referral,(referral),1,1
1044,2024-10-03,bing / cpc,campaign_32,1,1
1045,2024-10-03,google / cpc,campaign_27,1,1
1046,2024-10-03,google / cpc,campaign_24,1,1
1047,2024-10-04,(not set),(not set),289,313
1048,2024-10-04,google / cpc,campaign_15,164,185
1049,2024-10-04,(direct) / (none),(direct),168,184
1050,2024-10-04,google / organic,(organic),112,136
1051,2024-10-04,google / cpc,(not set),107,124
1052,2024-10-04,google / cpc,hu_brand,105,122
1053,2024-10-04,google / cpc,campaign_16,80,92
1054,2024-10-04,google / cpc,hu_pmax_brand,50,57
1055,2024-10-04,facebook / cpc,campaign_14,40,41
1056,2024-10-04,google / cpc,campaign_20,24,28
1057,2024-10-04,google / cpc,campaign_17,20,21
1058,2024-10-04,ntp.msn.com / referral,(referral),16,20
1059,2024-10-04,facebook / cpc,campaign_18,20,20
1060,2024-10-04,bing / cpc,campaign_28,14,18
1061,2024-10-04,facebook / cpc,campaign_21,17,17
1062,2024-10-04,google / cpc,campaign_19,16,16
1063,2024-10-04,msn.com / referral,(referral),13,15
1064,2024-10-04,bing / cpc,campaign_29,15,15
1065,2024-10-04,l.facebook.com / referral,(referral),13,14
1066,2024-10-04,source_1,(referral),10,12
1067,2024-10-04,google / cpc,campaign_23,12,12
1068,2024-10-04,bing / cpc,campaign_31,8,11
1069,2024-10-04,m.facebook.com / referral,(referral),10,10
1070,2024-10-04,ajanlat / offline,campaign_2,8,10
1071,2024-10-04,google / cpc,campaign_26,3,7
1072,2024-10-04,phone / offline,proposal-by-phone,2,7
1073,2024-10-04,bing / organic,(organic),5,6
1074,2024-10-04,redir.d-edgeconnect.media / referral,(referral),5,5
1075,2024-10-04,email / offline,proposal-by-phone,2,5
1076,2024-10-04,(direct) / (none),(not+set),2,4
1077,2024-10-04,google / cpc,(organic),3,4
1078,2024-10-04,kereso.startlap.hu / referral,(referral),2,4
1079,2024-10-04,bing / cpc,HU,3,4
1080,2024-10-04,l.messenger.com / referral,(referral),1,3
1081,2024-10-04,lm.facebook.com / referral,(referral),3,3
1082,2024-10-04,google / cpc,campaign_30,3,3
1083,2024-10-04,google / cpc,utm_campaign,2,3
1084,2024-10-04,(direct) / (none),(not set),2,2
1085,2024-10-04,seznam / organic,(organic),2,2
1086,2024-10-04,loyalty / email,loyalty-email,2,2
1087,2024-10-04,source_6,(referral),1,1
1088,2024-10-04,app.zoomsphere.com / referral,(referral),1,1
1089,2024-10-04,economica.net / referral,(referral),1,1
1090,2024-10-04,email.seznam.cz / referral,(referral),1,1
1091,2024-10-04,googleads.g.doubleclick.net / referral,(referral),1,1
1092,2024-10-04,source_22,(referral),1,1
1093,2024-10-04,l.instagram.com / referral,(referral),1,1
1094,2024-10-04,source_12,(referral),1,1
1095,2024-10-04,outlook.live.com / referral,(referral),1,1
1096,2024-10-04,romaniatv.net / referral,(referral),1,1
1097,2024-10-04,select.roadster.hu / referral,(referral),1,1
1098,2024-10-04,bing / cpc,campaign_42,1,1
1099,2024-10-04,google / cpc,campaign_43,1,1
1100,2024-10-04,facebook / cpc,campaign_1,1,1
1101,2024-10-04,google / cpc,campaign_24,1,1
1102,2024-10-04,ajanlat / email,campaign_7,1,1
1103,2024-10-04,ajanlat / offline,proposal-by-phone,1,1
1104,2024-10-05,(not set),(not set),289,305
1105,2024-10-05,(direct) / (none),(direct),137,165
1106,2024-10-05,google / cpc,campaign_15,153,164
1107,2024-10-05,google / cpc,(not set),135,159
1108,2024-10-05,google / cpc,hu_brand,97,115
1109,2024-10-05,google / organic,(organic),86,103
1110,2024-10-05,google / cpc,campaign_16,77,90
1111,2024-10-05,google / cpc,campaign_17,58,63
1112,2024-10-05,google / cpc,hu_pmax_brand,61,63
1113,2024-10-05,facebook / cpc,campaign_14,41,43
1114,2024-10-05,google / cpc,campaign_20,23,23
1115,2024-10-05,google / cpc,campaign_19,17,20
1116,2024-10-05,facebook / cpc,campaign_18,17,19
1117,2024-10-05,bing / cpc,campaign_29,14,14
1118,2024-10-05,l.facebook.com / referral,(referral),12,12
1119,2024-10-05,redir.d-edgeconnect.media / referral,(referral),12,12
1120,2024-10-05,facebook / cpc,campaign_21,11,11
1121,2024-10-05,bing / cpc,campaign_28,9,10
1122,2024-10-05,lm.facebook.com / referral,(referral),7,8
1123,2024-10-05,google / organic,(not set),6,7
1124,2024-10-05,m.facebook.com / referral,(referral),7,7
1125,2024-10-05,ajanlat / offline,proposal-by-phone,6,7
1126,2024-10-05,source_1,(referral),4,6
1127,2024-10-05,bing / cpc,campaign_31,5,6
1128,2024-10-05,google / cpc,campaign_23,6,6
1129,2024-10-05,google / cpc,(organic),3,5
1130,2024-10-05,google / cpc,campaign_26,5,5
1131,2024-10-05,ntp.msn.com / referral,(referral),3,4
1132,2024-10-05,outlook.live.com / referral,(referral),2,3
1133,2024-10-05,google / cpc,campaign_30,3,3
1134,2024-10-05,google / cpc,utm_campaign,3,3
1135,2024-10-05,(direct) / (none),(not+set),1,2
1136,2024-10-05,seznam / organic,(organic),2,2
1137,2024-10-05,yahoo / organic,(organic),1,2
1138,2024-10-05,glamour.hu / referral,(referral),2,2
1139,2024-10-05,google / cpc,(referral),1,2
1140,2024-10-05,email / offline,proposal-by-phone,2,2
1141,2024-10-05,bing / organic,(organic),1,1
1142,2024-10-05,email.seznam.cz / referral,(referral),1,1
1143,2024-10-05,googleads.g.doubleclick.net / referral,(referral),1,1
1144,2024-10-05,source_22,(referral),1,1
1145,2024-10-05,source_12,(referral),1,1
1146,2024-10-05,msn.com / referral,(referral),1,1
1147,2024-10-05,trc.taboola.com / referral,(referral),1,1
1148,2024-10-05,source_7,(referral),1,1
1149,2024-10-05,source_11,campaign_4,1,1
1150,2024-10-05,bing / cpc,HU,1,1
1151,2024-10-05,facebook / cpc,campaign_1,1,1
1152,2024-10-05,source_9,hirlevel_c5,1,1
1153,2024-10-05,ajanlat / offline,campaign_2,1,1
1154,2024-10-05,phone / offline,proposal-by-phone,1,1
1155,2024-10-06,google / cpc,campaign_20,14,18
1156,2024-10-06,email / offline,proposal-by-phone,0,1
1157,2024-10-06,google / cpc,hu_brand,134,161
1158,2024-10-06,google / cpc,campaign_15,154,159
1159,2024-10-06,google / cpc,campaign_16,123,144
1160,2024-10-06,google / organic,(organic),117,138
1161,2024-10-06,google / cpc,(not set),121,133
1162,2024-10-06,google / cpc,campaign_17,64,69
1163,2024-10-06,google / cpc,hu_pmax_brand,56,60
1164,2024-10-06,facebook / cpc,campaign_14,52,56
1165,2024-10-06,google / cpc,campaign_19,19,24
1166,2024-10-06,l.facebook.com / referral,(referral),17,19
1167,2024-10-06,m.facebook.com / referral,(referral),18,19
1168,2024-10-06,(not set),(not set),366,391
1169,2024-10-06,facebook / cpc,campaign_18,15,17
1170,2024-10-06,bing / cpc,campaign_29,13,14
1171,2024-10-06,source_1,(referral),12,12
1172,2024-10-06,redir.d-edgeconnect.media / referral,(referral),11,12
1173,2024-10-06,bing / cpc,campaign_28,5,10
1174,2024-10-06,msn.com / referral,(referral),8,8
1175,2024-10-06,ntp.msn.com / referral,(referral),8,8
1176,2024-10-06,google / cpc,campaign_30,6,8
1177,2024-10-06,google / cpc,campaign_23,7,7
1178,2024-10-06,facebook / cpc,campaign_21,7,7
1179,2024-10-06,google / cpc,(organic),3,6
1180,2024-10-06,bing / cpc,campaign_31,5,6
1181,2024-10-06,lm.facebook.com / referral,(referral),4,5
1182,2024-10-06,google / cpc,campaign_26,5,5
1183,2024-10-06,email.seznam.cz / referral,(referral),3,4
1184,2024-10-06,ajanlat / offline,proposal-by-phone,3,4
1185,2024-10-06,l.instagram.com / referral,(referral),3,3
1186,2024-10-06,outlook.live.com / referral,(referral),3,3
1187,2024-10-06,google / cpc,campaign_43,2,3
1188,2024-10-06,cewe.bipa.at / referral,(referral),1,2
1189,2024-10-06,connexservice.com / referral,(referral),2,2
1190,2024-10-06,l.messenger.com / referral,(referral),1,2
1191,2024-10-06,mail.centrum.cz / referral,(referral),1,2
1192,2024-10-06,bing / cpc,campaign_42,1,2
1193,2024-10-06,ajanlat / email,campaign_7,2,2
1194,2024-10-06,google / cpc,utm_campaign,2,2
1195,2024-10-06,(direct) / (none),(not set),1,1
1196,2024-10-06,seznam / organic,(organic),1,1
1197,2024-10-06,source_18,(referral),1,1
1198,2024-10-06,b77-admin.web.app / referral,(referral),1,1
1199,2024-10-06,cdn.respond.io / referral,(referral),1,1
1200,2024-10-06,economica.net / referral,(referral),1,1
1201,2024-10-06,freemail.hu / referral,(referral),1,1
1202,2024-10-06,source_22,(referral),1,1
1203,2024-10-06,kereso.startlap.hu / referral,(referral),1,1
1204,2024-10-06,penzcentrum.hu / referral,(referral),1,1
1205,2024-10-06,romaniatv.net / referral,(referral),1,1
1206,2024-10-06,vmail.centrum.cz / referral,(referral),1,1
1207,2024-10-06,facebook / cpc,campaign_1,1,1
1208,2024-10-06,google / cpc,campaign_24,1,1
1209,2024-10-06,loyalty / email,loyalty-email,1,1
1210,2024-10-06,(direct) / (none),(direct),184,220
1211,2024-10-07,source_9,hirlevel_c5,1,1
1212,2024-10-07,phone / offline,proposal-by-phone,1,1
1213,2024-10-07,google / cpc,campaign_15,159,172
1214,2024-10-07,google / cpc,hu_brand,137,162
1215,2024-10-07,google / organic,(organic),126,148
1216,2024-10-07,google / cpc,(not set),127,142
1217,2024-10-07,google / cpc,campaign_16,110,131
1218,2024-10-07,google / cpc,hu_pmax_brand,66,76
1219,2024-10-07,google / cpc,campaign_17,41,41
1220,2024-10-07,facebook / cpc,campaign_14,30,36
1221,2024-10-07,bing / cpc,campaign_29,25,27
1222,2024-10-07,ntp.msn.com / referral,(referral),16,21
1223,2024-10-07,google / cpc,campaign_20,19,20
1224,2024-10-07,ajanlat / offline,campaign_2,14,19
1225,2024-10-07,google / cpc,campaign_19,15,18
1226,2024-10-07,facebook / cpc,campaign_18,17,18
1227,2024-10-07,msn.com / referral,(referral),16,16
1228,2024-10-07,facebook / cpc,campaign_21,15,15
1229,2024-10-07,redir.d-edgeconnect.media / referral,(referral),14,14
1230,2024-10-07,l.facebook.com / referral,(referral),13,13
1231,2024-10-07,bing / organic,(organic),6,10
1232,2024-10-07,source_1,(referral),8,10
1233,2024-10-07,google / cpc,campaign_23,10,10
1234,2024-10-07,ajanlat / offline,proposal-by-phone,9,10
1235,2024-10-07,bing / cpc,campaign_28,7,9
1236,2024-10-07,m.facebook.com / referral,(referral),8,8
1237,2024-10-07,bing / cpc,campaign_31,6,8
1238,2024-10-07,google / cpc,(organic),2,7
1239,2024-10-07,google / cpc,campaign_26,4,7
1240,2024-10-07,google / cpc,utm_campaign,5,6
1241,2024-10-07,google / cpc,campaign_30,3,5
1242,2024-10-07,(direct) / (none),(not set),3,4
1243,2024-10-07,connexservice.com / referral,(referral),3,4
1244,2024-10-07,outlook.live.com / referral,(referral),4,4
1245,2024-10-07,bing / cpc,campaign_38,4,4
1246,2024-10-07,google / organic,(not set),2,3
1247,2024-10-07,bing / cpc,campaign_42,2,3
1248,2024-10-07,facebook / cpc,campaign_1,3,3
1249,2024-10-07,teszt / teszt,teszt,2,3
1250,2024-10-07,source_1,(not set),1,2
1251,2024-10-07,seznam / organic,(organic),2,2
1252,2024-10-07,source_18,(referral),1,2
1253,2024-10-07,google / cpc,(referral),2,2
1254,2024-10-07,mail.google.com / referral,(referral),1,2
1255,2024-10-07,statics.teams.cdn.office.net / referral,(referral),1,2
1256,2024-10-07,google / cpc,campaign_24,1,2
1257,2024-10-07,ajanlat / email,campaign_7,2,2
1258,2024-10-07,google / cpc,(direct),1,1
1259,2024-10-07,email.seznam.cz / referral,(referral),1,1
1260,2024-10-07,glamour.hu / referral,(referral),1,1
1261,2024-10-07,highlandgolf.hu / referral,(referral),1,1
1262,2024-10-07,hotelcms.hu / referral,(referral),1,1
1263,2024-10-07,source_13,(referral),1,1
1264,2024-10-07,l.instagram.com / referral,(referral),1,1
1265,2024-10-07,l.messenger.com / referral,(referral),1,1
1266,2024-10-07,lm.facebook.com / referral,(referral),1,1
1267,2024-10-07,mail.a1.net / referral,(referral),1,1
1268,2024-10-07,source_12,(referral),1,1
1269,2024-10-07,romaniatv.net / referral,(referral),1,1
1270,2024-10-07,yandex.ru / referral,(referral),1,1
1271,2024-10-07,zadir.hu / referral,(referral),1,1
1272,2024-10-07,bing / cpc,campaign_9,1,1
1273,2024-10-07,google / cpc,campaign_43,1,1
1274,2024-10-07,google / cpc,campaign_27,1,1
1275,2024-10-07,google / cpc,campaign_34,1,1
1276,2024-10-07,(not set),(not set),382,414
1277,2024-10-07,email / offline,proposal-by-phone,1,1
1278,2024-10-07,(direct) / (none),(direct),186,223
1279,2024-10-08,facebook / cpc,campaign_18,5,6
1280,2024-10-08,instagram.com / ct,linktree,1,1
1281,2024-10-08,google / cpc,hu_brand,147,183
1282,2024-10-08,google / cpc,campaign_15,166,178
1283,2024-10-08,google / organic,(organic),137,157
1284,2024-10-08,google / cpc,(not set),120,142
1285,2024-10-08,google / cpc,campaign_16,110,132
1286,2024-10-08,google / cpc,hu_pmax_brand,57,62
1287,2024-10-08,google / cpc,campaign_17,41,43
1288,2024-10-08,facebook / cpc,campaign_14,37,38
1289,2024-10-08,google / cpc,campaign_20,25,29
1290,2024-10-08,bing / cpc,campaign_29,25,27
1291,2024-10-08,ntp.msn.com / referral,(referral),13,25
1292,2024-10-08,facebook / cpc,campaign_21,24,24
1293,2024-10-08,l.facebook.com / referral,(referral),20,22
1294,2024-10-08,google / cpc,campaign_19,19,21
1295,2024-10-08,google / cpc,campaign_23,13,15
1296,2024-10-08,m.facebook.com / referral,(referral),14,14
1297,2024-10-08,ajanlat / offline,campaign_2,10,14
1298,2024-10-08,msn.com / referral,(referral),13,13
1299,2024-10-08,bing / cpc,campaign_28,9,11
1300,2024-10-08,ajanlat / offline,proposal-by-phone,7,9
1301,2024-10-08,lm.facebook.com / referral,(referral),8,8
1302,2024-10-08,redir.d-edgeconnect.media / referral,(referral),8,8
1303,2024-10-08,google / cpc,utm_campaign,6,7
1304,2024-10-08,(not set),(not set),396,429
1305,2024-10-08,bing / organic,(organic),5,5
1306,2024-10-08,source_1,(referral),5,5
1307,2024-10-08,outlook.live.com / referral,(referral),4,4
1308,2024-10-08,bing / cpc,campaign_31,4,4
1309,2024-10-08,facebook / cpc,campaign_1,3,4
1310,2024-10-08,google / cpc,campaign_26,4,4
1311,2024-10-08,(direct) / (none),(not set),3,3
1312,2024-10-08,google / cpc,(organic),3,3
1313,2024-10-08,seznam / organic,(organic),3,3
1314,2024-10-08,glamour.hu / referral,(referral),2,3
1315,2024-10-08,instagram.com / referral,(referral),3,3
1316,2024-10-08,zadir.hu / referral,(referral),2,3
1317,2024-10-08,bing / cpc,AT,1,3
1318,2024-10-08,google / cpc,campaign_30,3,3
1319,2024-10-08,google / organic,(not set),2,2
1320,2024-10-08,economica.net / referral,(referral),2,2
1321,2024-10-08,mail.centrum.cz / referral,(referral),1,2
1322,2024-10-08,google / cpc,campaign_24,2,2
1323,2024-10-08,ajanlat / email,campaign_7,2,2
1324,2024-10-08,email / offline,proposal-by-phone,2,2
1325,2024-10-08,(direct) / (none),(not+set),1,1
1326,2024-10-08,accounts.freemail.hu / referral,(referral),1,1
1327,2024-10-08,source_6,(referral),1,1
1328,2024-10-08,source_21,(referral),1,1
1329,2024-10-08,app.zoomsphere.com / referral,(referral),1,1
1330,2024-10-08,email.seznam.cz / referral,(referral),0,1
1331,2024-10-08,extranet.availpro.com / referral,(referral),1,1
1332,2024-10-08,hotelcms.hu / referral,(referral),1,1
1333,2024-10-08,m.hvg.hu / referral,(referral),1,1
1334,2024-10-08,magyarnemzet.hu / referral,(referral),1,1
1335,2024-10-08,mail.google.com / referral,(referral),1,1
1336,2024-10-08,thermenhotels.at / referral,(referral),1,1
1337,2024-10-08,bing / cpc,campaign_42,1,1
1338,2024-10-08,source_9,hirlevel_c5,1,1
1339,2024-10-08,(direct) / (none),(direct),216,252
1340,2024-10-09,(not set),(not set),493,478
1341,2024-10-09,(direct) / (none),(direct),231,270
1342,2024-10-09,google / cpc,campaign_15,204,220
1343,2024-10-09,google / cpc,hu_brand,158,205
1344,2024-10-09,google / organic,(organic),154,179
1345,2024-10-09,google / cpc,campaign_16,137,171
1346,2024-10-09,google / cpc,(not set),134,152
1347,2024-10-09,google / cpc,hu_pmax_brand,76,81
1348,2024-10-09,google / cpc,campaign_17,64,66
1349,2024-10-09,facebook / cpc,campaign_14,36,37
1350,2024-10-09,google / cpc,campaign_19,23,24
1351,2024-10-09,redir.d-edgeconnect.media / referral,(referral),16,18
1352,2024-10-09,ntp.msn.com / referral,(referral),13,17
1353,2024-10-09,source_11,hirlevel_c10,17,17
1354,2024-10-09,google / cpc,campaign_20,16,16
1355,2024-10-09,bing / cpc,campaign_28,15,16
1356,2024-10-09,facebook / cpc,campaign_21,16,16
1357,2024-10-09,source_1,(referral),12,12
1358,2024-10-09,l.facebook.com / referral,(referral),11,11
1359,2024-10-09,ajanlat / offline,proposal-by-phone,9,11
1360,2024-10-09,google / cpc,utm_campaign,7,11
1361,2024-10-09,ajanlat / offline,campaign_2,7,10
1362,2024-10-09,google / cpc,campaign_23,8,8
1363,2024-10-09,m.facebook.com / referral,(referral),7,7
1364,2024-10-09,msn.com / referral,(referral),7,7
1365,2024-10-09,bing / cpc,campaign_29,6,6
1366,2024-10-09,email / offline,proposal-by-phone,5,5
1367,2024-10-09,seznam / organic,(organic),4,4
1368,2024-10-09,lm.facebook.com / referral,(referral),4,4
1369,2024-10-09,facebook / cpc,campaign_18,4,4
1370,2024-10-09,google / cpc,campaign_26,3,4
1371,2024-10-09,source_9,hirlevel_c5,2,4
1372,2024-10-09,ajanlat / email,campaign_7,3,4
1373,2024-10-09,instagram.com / referral,(referral),3,3
1374,2024-10-09,kereso.startlap.hu / referral,(referral),1,3
1375,2024-10-09,l.instagram.com / referral,(referral),3,3
1376,2024-10-09,mail.google.com / referral,(referral),2,3
1377,2024-10-09,zadir.hu / referral,(referral),1,3
1378,2024-10-09,bing / cpc,campaign_31,3,3
1379,2024-10-09,google / cpc,campaign_30,3,3
1380,2024-10-09,(direct) / (none),(not set),2,2
1381,2024-10-09,google / organic,(not set),2,2
1382,2024-10-09,glamour.hu / referral,(referral),2,2
1383,2024-10-09,trc.taboola.com / referral,(referral),2,2
1384,2024-10-09,loyalty / email,loyalty-email,2,2
1385,2024-10-09,(direct) / (none),(referral),1,1
1386,2024-10-09,magan.szepkartya.otpportalok.hu / referral,(referral),1,1
1387,2024-10-09,source_12,(referral),1,1
1388,2024-10-09,startlap.hu / referral,(referral),1,1
1389,2024-10-09,bing / cpc,AT,1,1
1390,2024-10-09,bing / cpc,campaign_9,1,1
1391,2024-10-09,bing / cpc,campaign_42,1,1
1392,2024-10-09,google / cpc,campaign_43,1,1
1393,2024-10-09,google / cpc,campaign_34,1,1
1394,2024-10-09,facebook / cpc,campaign_1,1,1
1395,2024-10-09,google / cpc,campaign_24,1,1
1396,2024-10-09,phone / offline,proposal-by-phone,1,1
1397,2024-10-10,glamour.hu / referral,(referral),3,4
1398,2024-10-10,loyalty / email,loyalty-email,1,1
1399,2024-10-10,google / organic,(organic),174,239
1400,2024-10-10,google / cpc,hu_brand,160,213
1401,2024-10-10,google / cpc,campaign_15,144,163
1402,2024-10-10,google / cpc,(not set),130,153
1403,2024-10-10,google / cpc,campaign_16,120,150
1404,2024-10-10,google / cpc,hu_pmax_brand,86,94
1405,2024-10-10,facebook / cpc,campaign_14,41,45
1406,2024-10-10,google / cpc,campaign_20,30,32
1407,2024-10-10,google / cpc,campaign_19,23,26
1408,2024-10-10,google / cpc,campaign_17,24,25
1409,2024-10-10,bing / organic,(organic),14,21
1410,2024-10-10,l.instagram.com / referral,(referral),20,21
1411,2024-10-10,redir.d-edgeconnect.media / referral,(referral),18,20
1412,2024-10-10,ajanlat / offline,campaign_2,10,17
1413,2024-10-10,ntp.msn.com / referral,(referral),11,16
1414,2024-10-10,l.facebook.com / referral,(referral),12,15
1415,2024-10-10,facebook / cpc,campaign_21,14,14
1416,2024-10-10,source_1,(referral),10,13
1417,2024-10-10,ajanlat / offline,proposal-by-phone,11,13
1418,2024-10-10,google / cpc,(organic),4,12
1419,2024-10-10,bing / cpc,campaign_29,9,12
1420,2024-10-10,m.facebook.com / referral,(referral),7,8
1421,2024-10-10,msn.com / referral,(referral),7,7
1422,2024-10-10,google / cpc,campaign_23,6,7
1423,2024-10-10,google / cpc,utm_campaign,7,7
1424,2024-10-10,bing / cpc,campaign_31,6,6
1425,2024-10-10,bing / cpc,campaign_28,6,6
1426,2024-10-10,google / cpc,campaign_26,5,6
1427,2024-10-10,source_11,hirlevel_c10,5,6
1428,2024-10-10,google / organic,(not set),2,4
1429,2024-10-10,source_21,(referral),3,4
1430,2024-10-10,freemail.hu / referral,(referral),3,4
1431,2024-10-10,(not set),(not set),651,703
1432,2024-10-10,lm.facebook.com / referral,(referral),4,4
1433,2024-10-10,facebook / cpc,campaign_18,4,4
1434,2024-10-10,zadir.hu / referral,(referral),1,3
1435,2024-10-10,google / cpc,campaign_30,3,3
1436,2024-10-10,(direct) / (none),(not set),1,2
1437,2024-10-10,google / cpc,(referral),2,2
1438,2024-10-10,index.hu / referral,(referral),2,2
1439,2024-10-10,instagram.com / referral,(referral),2,2
1440,2024-10-10,mail.google.com / referral,(referral),2,2
1441,2024-10-10,statics.teams.cdn.office.net / referral,(referral),2,2
1442,2024-10-10,bing / cpc,AT,2,2
1443,2024-10-10,bing / cpc,campaign_42,2,2
1444,2024-10-10,google / cpc,campaign_34,1,2
1445,2024-10-10,ajanlat / email,campaign_7,2,2
1446,2024-10-10,email / offline,proposal-by-phone,2,2
1447,2024-10-10,seznam / organic,(organic),1,1
1448,2024-10-10,yahoo / organic,(organic),1,1
1449,2024-10-10,source_6,(referral),1,1
1450,2024-10-10,besserleben.wienerstaedtische.at / referral,(referral),1,1
1451,2024-10-10,cdn.respond.io / referral,(referral),1,1
1452,2024-10-10,cewe.bipa.at / referral,(referral),1,1
1453,2024-10-10,kereso.startlap.hu / referral,(referral),1,1
1454,2024-10-10,m.hvg.hu / referral,(referral),1,1
1455,2024-10-10,mapy.cz / referral,(referral),1,1
1456,2024-10-10,outlook.live.com / referral,(referral),1,1
1457,2024-10-10,google / cpc,campaign_43,1,1
1458,2024-10-10,google / cpc,campaign_27,1,1
1459,2024-10-10,source_9,hirlevel_c5,1,1
1460,2024-10-10,(direct) / (none),(direct),291,354
1461,2024-10-11,idokep.hu / referral,(referral),1,1
1462,2024-10-11,phone / offline,proposal-by-phone,1,1
1463,2024-10-11,google / cpc,(not set),142,177
1464,2024-10-11,google / cpc,hu_brand,140,167
1465,2024-10-11,google / organic,(organic),132,156
1466,2024-10-11,google / cpc,campaign_15,134,146
1467,2024-10-11,google / cpc,campaign_16,97,123
1468,2024-10-11,google / cpc,hu_pmax_brand,55,66
1469,2024-10-11,google / cpc,campaign_17,52,54
1470,2024-10-11,facebook / cpc,campaign_14,37,39
1471,2024-10-11,google / cpc,campaign_19,17,24
1472,2024-10-11,bing / cpc,campaign_29,12,18
1473,2024-10-11,facebook / cpc,campaign_21,18,18
1474,2024-10-11,ntp.msn.com / referral,(referral),9,17
1475,2024-10-11,google / cpc,campaign_20,16,17
1476,2024-10-11,google / cpc,campaign_30,12,13
1477,2024-10-11,redir.d-edgeconnect.media / referral,(referral),10,12
1478,2024-10-11,google / cpc,campaign_23,7,11
1479,2024-10-11,bing / cpc,campaign_28,9,11
1480,2024-10-11,bing / organic,(organic),5,10
1481,2024-10-11,google / cpc,campaign_26,6,10
1482,2024-10-11,source_1,(referral),8,9
1483,2024-10-11,m.facebook.com / referral,(referral),9,9
1484,2024-10-11,l.facebook.com / referral,(referral),7,8
1485,2024-10-11,bing / cpc,campaign_31,7,8
1486,2024-10-11,google / cpc,(organic),4,7
1487,2024-10-11,glamour.hu / referral,(referral),5,7
1488,2024-10-11,outlook.live.com / referral,(referral),4,7
1489,2024-10-11,ajanlat / offline,campaign_2,4,7
1490,2024-10-11,ajanlat / offline,proposal-by-phone,6,7
1491,2024-10-11,facebook / cpc,campaign_18,6,6
1492,2024-10-11,google / cpc,utm_campaign,3,6
1493,2024-10-11,google / organic,(not set),4,5
1494,2024-10-11,instagram.com / referral,(referral),5,5
1495,2024-10-11,msn.com / referral,(referral),5,5
1496,2024-10-11,(direct) / (none),(not set),1,4
1497,2024-10-11,bing / cpc,campaign_42,4,4
1498,2024-10-11,(direct) / (none),(referral),0,3
1499,2024-10-11,email.seznam.cz / referral,(referral),2,3
1500,2024-10-11,freemail.hu / referral,(referral),3,3
1501,2024-10-11,l.instagram.com / referral,(referral),3,3
1502,2024-10-11,ajanlat / email,campaign_7,3,3
1503,2024-10-11,cdn.respond.io / referral,(referral),1,2
1504,2024-10-11,lm.facebook.com / referral,(referral),2,2
1505,2024-10-11,romaniatv.net / referral,(referral),2,2
1506,2024-10-11,vendeghazak.hu / referral,(referral),2,2
1507,2024-10-11,bing / cpc,AT,2,2
1508,2024-10-11,source_11,hirlevel_c10,2,2
1509,2024-10-11,seznam / organic,(organic),1,1
1510,2024-10-11,yahoo / organic,(organic),1,1
1511,2024-10-11,8b7080d854d82e7191c97ec787c6091a.safeframe.googlesyndication.com / referral,(referral),1,1
1512,2024-10-11,accounts.freemail.hu / referral,(referral),1,1
1513,2024-10-11,borsonline.hu / referral,(referral),1,1
1514,2024-10-11,connexservice.com / referral,(referral),1,1
1515,2024-10-11,source_10,(referral),1,1
1516,2024-10-11,economica.net / referral,(referral),1,1
1517,2024-10-11,(not set),(not set),458,509
1518,2024-10-11,index.hu / referral,(referral),1,1
1519,2024-10-11,kapu.hu / referral,(referral),1,1
1520,2024-10-11,source_12,(referral),1,1
1521,2024-10-11,morgens.hu / referral,(referral),1,1
1522,2024-10-11,bing / cpc,campaign_38,1,1
1523,2024-10-11,facebook / cpc,campaign_55,1,1
1524,2024-10-11,source_9,hirlevel_c5,1,1
1525,2024-10-11,email / offline,proposal-by-phone,1,1
1526,2024-10-11,(direct) / (none),(direct),238,272
1527,2024-10-12,google / cpc,(organic),4,8
1528,2024-10-12,(direct) / (none),(direct),215,241
1529,2024-10-12,google / cpc,campaign_15,196,221
1530,2024-10-12,google / organic,(organic),162,196
1531,2024-10-12,google / cpc,hu_brand,134,164
1532,2024-10-12,google / cpc,campaign_16,106,135
1533,2024-10-12,google / cpc,(not set),118,134
1534,2024-10-12,google / cpc,hu_pmax_brand,78,86
1535,2024-10-12,google / cpc,campaign_17,48,49
1536,2024-10-12,facebook / cpc,campaign_14,46,47
1537,2024-10-12,google / cpc,campaign_20,34,34
1538,2024-10-12,google / cpc,campaign_19,18,28
1539,2024-10-12,facebook / cpc,campaign_21,26,27
1540,2024-10-12,l.facebook.com / referral,(referral),15,17
1541,2024-10-12,google / cpc,campaign_30,16,17
1542,2024-10-12,ajanlat / offline,campaign_2,12,16
1543,2024-10-12,m.facebook.com / referral,(referral),13,15
1544,2024-10-12,redir.d-edgeconnect.media / referral,(referral),11,11
1545,2024-10-12,bing / cpc,campaign_29,10,11
1546,2024-10-12,google / cpc,campaign_23,9,10
1547,2024-10-12,bing / cpc,campaign_28,8,10
1548,2024-10-12,google / cpc,campaign_26,8,9
1549,2024-10-12,(not set),(not set),467,507
1550,2024-10-12,(direct) / (none),(not set),4,6
1551,2024-10-12,source_1,(referral),4,6
1552,2024-10-12,bing / organic,(organic),3,4
1553,2024-10-12,outlook.live.com / referral,(referral),4,4
1554,2024-10-12,bing / cpc,campaign_31,4,4
1555,2024-10-12,facebook / cpc,campaign_18,4,4
1556,2024-10-12,google / cpc,utm_campaign,4,4
1557,2024-10-12,msn.com / referral,(referral),3,3
1558,2024-10-12,ntp.msn.com / referral,(referral),3,3
1559,2024-10-12,ajanlat / email,campaign_7,3,3
1560,2024-10-12,google / organic,(not set),2,2
1561,2024-10-12,index.hu / referral,(referral),2,2
1562,2024-10-12,kereso.startlap.hu / referral,(referral),2,2
1563,2024-10-12,lightmailer-bap.gmx.net / referral,(referral),1,2
1564,2024-10-12,lm.facebook.com / referral,(referral),2,2
1565,2024-10-12,ajanlat / offline,proposal-by-phone,1,2
1566,2024-10-12,yahoo / organic,(organic),1,1
1567,2024-10-12,cdn.taboola.com / referral,(referral),1,1
1568,2024-10-12,email.seznam.cz / referral,(referral),1,1
1569,2024-10-12,glamour.hu / referral,(referral),1,1
1570,2024-10-12,l.instagram.com / referral,(referral),0,1
1571,2024-10-12,metropol.hu / referral,(referral),1,1
1572,2024-10-12,morgens.hu / referral,(referral),1,1
1573,2024-10-12,promotions.hu / referral,(referral),1,1
1574,2024-10-12,startlap.hu / referral,(referral),1,1
1575,2024-10-12,thermenhotels.at / referral,(referral),1,1
1576,2024-10-12,trc.taboola.com / referral,(referral),1,1
1577,2024-10-12,bing / cpc,AT,1,1
1578,2024-10-12,source_16,hirlevel_c6,1,1
1579,2024-10-12,source_11,hirlevel_c10,1,1
1580,2024-10-12,loyalty / email,loyalty-email,1,1
1581,2024-10-12,phone / offline,proposal-by-phone,1,1
1582,2024-10-13,(not set),(not set),956,1
1583,2024-10-13,(direct) / (none),(direct),265,294
1584,2024-10-13,google / organic,(organic),148,174
1585,2024-10-13,google / cpc,campaign_15,144,153
1586,2024-10-13,google / cpc,hu_brand,113,144
1587,2024-10-13,google / cpc,(not set),103,117
1588,2024-10-13,google / cpc,campaign_16,88,116
1589,2024-10-13,google / cpc,hu_pmax_brand,57,61
1590,2024-10-13,google / cpc,campaign_17,54,56
1591,2024-10-13,facebook / cpc,campaign_14,46,51
1592,2024-10-13,facebook / cpc,campaign_21,26,26
1593,2024-10-13,google / cpc,campaign_20,18,21
1594,2024-10-13,l.facebook.com / referral,(referral),17,17
1595,2024-10-13,google / cpc,campaign_19,11,13
1596,2024-10-13,source_1,(referral),9,12
1597,2024-10-13,redir.d-edgeconnect.media / referral,(referral),10,12
1598,2024-10-13,ajanlat / offline,campaign_2,7,10
1599,2024-10-13,google / cpc,campaign_30,8,9
1600,2024-10-13,ajanlat / offline,proposal-by-phone,6,9
1601,2024-10-13,(direct) / (none),(not set),5,8
1602,2024-10-13,google / cpc,campaign_23,6,7
1603,2024-10-13,google / cpc,(organic),4,6
1604,2024-10-13,email.seznam.cz / referral,(referral),4,6
1605,2024-10-13,m.facebook.com / referral,(referral),6,6
1606,2024-10-13,facebook / cpc,campaign_18,6,6
1607,2024-10-13,bing / cpc,campaign_31,5,5
1608,2024-10-13,bing / cpc,campaign_28,4,5
1609,2024-10-13,bing / cpc,campaign_29,4,5
1610,2024-10-13,google / cpc,campaign_26,4,5
1611,2024-10-13,bing / organic,(organic),4,4
1612,2024-10-13,glamour.hu / referral,(referral),2,4
1613,2024-10-13,lm.facebook.com / referral,(referral),3,3
1614,2024-10-13,google / cpc,campaign_27,2,3
1615,2024-10-13,facebook / cpc,campaign_1,3,3
1616,2024-10-13,ajanlat / email,campaign_7,2,3
1617,2024-10-13,google / organic,(not set),1,2
1618,2024-10-13,connexservice.com / referral,(referral),1,2
1619,2024-10-13,source_22,(referral),1,2
1620,2024-10-13,l.instagram.com / referral,(referral),2,2
1621,2024-10-13,phone / offline,proposal-by-phone,1,2
1622,2024-10-13,google / cpc,utm_campaign,1,2
1623,2024-10-13,seznam / organic,(organic),1,1
1624,2024-10-13,yahoo / organic,(organic),1,1
1625,2024-10-13,dailybusiness.ro / referral,(referral),1,1
1626,2024-10-13,index.hu / referral,(referral),1,1
1627,2024-10-13,kapu.hu / referral,(referral),1,1
1628,2024-10-13,kisalfold.hu / referral,(referral),1,1
1629,2024-10-13,ntp.msn.com / referral,(referral),1,1
1630,2024-10-13,outlook.live.com / referral,(referral),1,1
1631,2024-10-13,romaniatv.net / referral,(referral),1,1
1632,2024-10-13,thermenhotels.at / referral,(referral),1,1
1633,2024-10-13,source_11,campaign_4,1,1
1634,2024-10-13,source_9,hirlevel_c5,1,1
1635,2024-10-13,loyalty / email,loyalty-email,1,1
1636,2024-10-14,google / cpc,(organic),4,6
1637,2024-10-14,loyalty / email,loyalty-email,1,1
1638,2024-10-14,google / cpc,(not set),155,190
1639,2024-10-14,google / organic,(organic),133,154
1640,2024-10-14,google / cpc,hu_brand,87,103
1641,2024-10-14,google / cpc,campaign_16,77,93
1642,2024-10-14,google / cpc,campaign_17,56,60
1643,2024-10-14,facebook / cpc,campaign_14,53,59
1644,2024-10-14,google / cpc,campaign_15,49,53
1645,2024-10-14,ajanlat / offline,campaign_2,19,26
1646,2024-10-14,google / cpc,campaign_19,17,21
1647,2024-10-14,google / cpc,campaign_20,16,21
1648,2024-10-14,google / cpc,hu_pmax_brand,15,19
1649,2024-10-14,l.facebook.com / referral,(referral),16,16
1650,2024-10-14,redir.d-edgeconnect.media / referral,(referral),15,16
1651,2024-10-14,bing / cpc,campaign_29,16,16
1652,2024-10-14,m.facebook.com / referral,(referral),14,15
1653,2024-10-14,facebook / cpc,campaign_21,13,14
1654,2024-10-14,ajanlat / offline,proposal-by-phone,8,14
1655,2024-10-14,source_1,(referral),10,12
1656,2024-10-14,google / cpc,utm_campaign,6,9
1657,2024-10-14,google / cpc,campaign_23,6,8
1658,2024-10-14,bing / cpc,campaign_28,7,7
1659,2024-10-14,facebook / cpc,campaign_18,7,7
1660,2024-10-14,(not set),(not set),308,333
1661,2024-10-14,bing / organic,(organic),5,5
1662,2024-10-14,bing / cpc,campaign_31,3,5
1663,2024-10-14,bing / cpc,campaign_6,3,5
1664,2024-10-14,google / cpc,campaign_30,3,5
1665,2024-10-14,google / cpc,campaign_26,5,5
1666,2024-10-14,(direct) / (none),(not set),4,4
1667,2024-10-14,seznam / organic,(organic),4,4
1668,2024-10-14,email.seznam.cz / referral,(referral),4,4
1669,2024-10-14,l.instagram.com / referral,(referral),3,4
1670,2024-10-14,ntp.msn.com / referral,(referral),2,4
1671,2024-10-14,phone / offline,proposal-by-phone,3,4
1672,2024-10-14,zadir.hu / referral,(referral),1,3
1673,2024-10-14,source_11,hirlevel_c10,1,3
1674,2024-10-14,source_23,(referral),1,2
1675,2024-10-14,lm.facebook.com / referral,(referral),2,2
1676,2024-10-14,source_12,(referral),2,2
1677,2024-10-14,msn.com / referral,(referral),1,2
1678,2024-10-14,prm.connexservice.com / referral,(referral),1,2
1679,2024-10-14,statics.teams.cdn.office.net / referral,(referral),2,2
1680,2024-10-14,vmail.centrum.cz / referral,(referral),1,2
1681,2024-10-14,facebook / cpc,campaign_1,2,2
1682,2024-10-14,ajanlat / email,campaign_7,2,2
1683,2024-10-14,email / offline,proposal-by-phone,2,2
1684,2024-10-14,google / organic,(not set),1,1
1685,2024-10-14,accounts.freemail.hu / referral,(referral),1,1
1686,2024-10-14,borsonline.hu / referral,(referral),1,1
1687,2024-10-14,source_10,(referral),1,1
1688,2024-10-14,economica.net / referral,(referral),1,1
1689,2024-10-14,source_22,(referral),1,1
1690,2024-10-14,ingatlan.com / referral,(referral),1,1
1691,2024-10-14,lightmailer-bs.gmx.net / referral,(referral),1,1
1692,2024-10-14,origo.hu / referral,(referral),1,1
1693,2024-10-14,romaniatv.net / referral,(referral),1,1
1694,2024-10-14,bing / cpc,AT,1,1
1695,2024-10-14,google / cpc,campaign_43,1,1
1696,2024-10-14,bing / cpc,campaign_39,1,1
1697,2024-10-14,google / cpc,campaign_51,1,1
1698,2024-10-14,source_16,hirlevel_c6,0,1
1699,2024-10-14,source_17,hirlevel_c9,1,1
1700,2024-10-14,(direct) / (none),(direct),179,213
1701,2024-10-15,(not set),(not set),326,351
1702,2024-10-15,google / cpc,campaign_15,177,191
1703,2024-10-15,(direct) / (none),(direct),148,178
1704,2024-10-15,google / cpc,(not set),145,166
1705,2024-10-15,google / cpc,hu_brand,107,142
1706,2024-10-15,google / organic,(organic),94,119
1707,2024-10-15,google / cpc,campaign_16,86,104
1708,2024-10-15,google / cpc,hu_pmax_brand,94,97
1709,2024-10-15,facebook / cpc,campaign_14,78,84
1710,2024-10-15,google / cpc,campaign_17,36,38
1711,2024-10-15,m.facebook.com / referral,(referral),23,25
1712,2024-10-15,facebook / cpc,campaign_21,24,24
1713,2024-10-15,redir.d-edgeconnect.media / referral,(referral),19,22
1714,2024-10-15,google / cpc,campaign_19,18,20
1715,2024-10-15,google / cpc,campaign_20,15,19
1716,2024-10-15,bing / cpc,campaign_29,13,14
1717,2024-10-15,facebook / cpc,campaign_18,13,13
1718,2024-10-15,bing / cpc,campaign_28,11,12
1719,2024-10-15,ajanlat / offline,campaign_2,10,12
1720,2024-10-15,l.facebook.com / referral,(referral),10,10
1721,2024-10-15,bing / cpc,campaign_31,8,10
1722,2024-10-15,google / cpc,utm_campaign,8,10
1723,2024-10-15,ntp.msn.com / referral,(referral),4,9
1724,2024-10-15,(direct) / (none),(not set),5,8
1725,2024-10-15,google / cpc,campaign_30,4,8
1726,2024-10-15,google / cpc,campaign_23,6,6
1727,2024-10-15,email / offline,proposal-by-phone,5,6
1728,2024-10-15,google / cpc,(organic),5,5
1729,2024-10-15,ajanlat / offline,proposal-by-phone,3,5
1730,2024-10-15,email.seznam.cz / referral,(referral),3,4
1731,2024-10-15,source_1,(referral),4,4
1732,2024-10-15,zadir.hu / referral,(referral),1,4
1733,2024-10-15,google / cpc,campaign_26,4,4
1734,2024-10-15,bing / organic,(organic),2,2
1735,2024-10-15,source_23,(referral),1,2
1736,2024-10-15,instagram.com / referral,(referral),2,2
1737,2024-10-15,l.instagram.com / referral,(referral),2,2
1738,2024-10-15,ajanlat / email,campaign_7,1,2
1739,2024-10-15,google / organic,(not set),1,1
1740,2024-10-15,app.zoomsphere.com / referral,(referral),1,1
1741,2024-10-15,economica.net / referral,(referral),1,1
1742,2024-10-15,googleads.g.doubleclick.net / referral,(referral),1,1
1743,2024-10-15,kapu.hu / referral,(referral),1,1
1744,2024-10-15,lm.facebook.com / referral,(referral),1,1
1745,2024-10-15,outlook.live.com / referral,(referral),1,1
1746,2024-10-15,romaniatv.net / referral,(referral),1,1
1747,2024-10-15,search.brave.com / referral,(referral),1,1
1748,2024-10-15,select.roadster.hu / referral,(referral),1,1
1749,2024-10-15,trc.taboola.com / referral,(referral),1,1
1750,2024-10-15,google / cpc,campaign_43,1,1
1751,2024-10-15,bing / cpc,campaign_38,1,1
1752,2024-10-15,facebook / cpc,campaign_55,1,1
1753,2024-10-15,facebook / cpc,campaign_1,1,1
1754,2024-10-15,google / cpc,campaign_24,1,1
1755,2024-10-16,redir.d-edgeconnect.media / referral,(referral),5,6
1756,2024-10-16,bing / cpc,campaign_32,1,1
1757,2024-10-16,google / organic,(organic),118,146
1758,2024-10-16,google / cpc,(not set),89,113
1759,2024-10-16,google / cpc,hu_brand,84,105
1760,2024-10-16,facebook / cpc,campaign_14,98,104
1761,2024-10-16,google / cpc,campaign_16,78,89
1762,2024-10-16,google / cpc,hu_pmax_brand,56,61
1763,2024-10-16,google / cpc,campaign_15,49,55
1764,2024-10-16,facebook / cpc,campaign_18,33,33
1765,2024-10-16,google / cpc,campaign_17,25,29
1766,2024-10-16,l.facebook.com / referral,(referral),22,23
1767,2024-10-16,google / cpc,campaign_20,18,21
1768,2024-10-16,facebook / cpc,campaign_21,19,19
1769,2024-10-16,ajanlat / offline,campaign_2,13,19
1770,2024-10-16,bing / cpc,campaign_29,11,15
1771,2024-10-16,m.facebook.com / referral,(referral),12,12
1772,2024-10-16,google / cpc,campaign_19,9,12
1773,2024-10-16,csodasmagyarorszag.hu / referral,(referral),10,10
1774,2024-10-16,source_1,(referral),9,10
1775,2024-10-16,bing / cpc,campaign_28,8,8
1776,2024-10-16,ajanlat / offline,proposal-by-phone,6,8
1777,2024-10-16,(direct) / (none),(not set),7,7
1778,2024-10-16,bing / organic,(organic),6,7
1779,2024-10-16,google / cpc,campaign_26,5,7
1780,2024-10-16,(not set),(not set),279,300
1781,2024-10-16,google / cpc,utm_campaign,4,6
1782,2024-10-16,instagram.com / referral,(referral),5,5
1783,2024-10-16,l.instagram.com / referral,(referral),4,5
1784,2024-10-16,ntp.msn.com / referral,(referral),2,5
1785,2024-10-16,seznam / organic,(organic),3,4
1786,2024-10-16,lm.facebook.com / referral,(referral),4,4
1787,2024-10-16,bing / cpc,campaign_31,3,4
1788,2024-10-16,google / cpc,campaign_30,3,4
1789,2024-10-16,email.seznam.cz / referral,(referral),2,3
1790,2024-10-16,source_22,(referral),3,3
1791,2024-10-16,zadir.hu / referral,(referral),1,3
1792,2024-10-16,bing / cpc,HU,2,3
1793,2024-10-16,email / offline,proposal-by-phone,2,3
1794,2024-10-16,google / cpc,(organic),2,2
1795,2024-10-16,source_23,(referral),1,2
1796,2024-10-16,google / cpc,(referral),1,2
1797,2024-10-16,google / cpc,campaign_23,1,2
1798,2024-10-16,facebook / cpc,campaign_1,1,2
1799,2024-10-16,ajanlat / email,campaign_7,2,2
1800,2024-10-16,google / organic,(not set),1,1
1801,2024-10-16,source_10,(referral),1,1
1802,2024-10-16,source_13,(referral),1,1
1803,2024-10-16,mail.google.com / referral,(referral),1,1
1804,2024-10-16,source_12,(referral),1,1
1805,2024-10-16,msn.com / referral,(referral),1,1
1806,2024-10-16,portfolio.hu / referral,(referral),1,1
1807,2024-10-16,trc.taboola.com / referral,(referral),1,1
1808,2024-10-16,(direct) / (none),(direct),136,154
1809,2024-10-17,source_23,(referral),1,5
1810,2024-10-17,email / offline,proposal-by-phone,1,1
1811,2024-10-17,google / cpc,hu_brand,102,133
1812,2024-10-17,google / organic,(organic),107,131
1813,2024-10-17,google / cpc,(not set),99,118
1814,2024-10-17,google / cpc,campaign_16,81,106
1815,2024-10-17,facebook / cpc,campaign_14,70,72
1816,2024-10-17,google / cpc,campaign_15,58,63
1817,2024-10-17,google / cpc,hu_pmax_brand,55,60
1818,2024-10-17,google / cpc,campaign_17,41,42
1819,2024-10-17,l.facebook.com / referral,(referral),36,39
1820,2024-10-17,facebook / cpc,campaign_18,36,37
1821,2024-10-17,facebook / cpc,campaign_57,21,21
1822,2024-10-17,m.facebook.com / referral,(referral),19,20
1823,2024-10-17,facebook / cpc,campaign_21,16,19
1824,2024-10-17,csodasmagyarorszag.hu / referral,(referral),14,16
1825,2024-10-17,ajanlat / offline,campaign_2,11,16
1826,2024-10-17,google / cpc,campaign_19,12,13
1827,2024-10-17,bing / cpc,campaign_29,13,13
1828,2024-10-17,facebook / cpc,campaign_56,10,13
1829,2024-10-17,source_11,hirlevel_c10,12,12
1830,2024-10-17,source_1,(referral),8,9
1831,2024-10-17,google / cpc,campaign_20,8,9
1832,2024-10-17,email.seznam.cz / referral,(referral),5,8
1833,2024-10-17,instagram.com / referral,(referral),8,8
1834,2024-10-17,lm.facebook.com / referral,(referral),7,7
1835,2024-10-17,bing / organic,(organic),6,6
1836,2024-10-17,seznam / organic,(organic),4,6
1837,2024-10-17,bing / cpc,campaign_31,6,6
1838,2024-10-17,bing / cpc,campaign_28,6,6
1839,2024-10-17,(not set),(not set),298,320
1840,2024-10-17,ntp.msn.com / referral,(referral),4,5
1841,2024-10-17,redir.d-edgeconnect.media / referral,(referral),3,5
1842,2024-10-17,google / cpc,(organic),3,4
1843,2024-10-17,l.instagram.com / referral,(referral),4,4
1844,2024-10-17,ajanlat / email,campaign_7,3,4
1845,2024-10-17,zadir.hu / referral,(referral),1,3
1846,2024-10-17,google / cpc,campaign_30,2,3
1847,2024-10-17,mail.google.com / referral,(referral),1,2
1848,2024-10-17,google / cpc,campaign_43,2,2
1849,2024-10-17,google / cpc,campaign_26,2,2
1850,2024-10-17,a13e6e7f521380e7a528e121945e55d2.safeframe.googlesyndication.com / referral,(referral),1,1
1851,2024-10-17,app.zoomsphere.com / referral,(referral),1,1
1852,2024-10-17,source_29,(referral),1,1
1853,2024-10-17,connexservice.com / referral,(referral),1,1
1854,2024-10-17,source_10,(referral),1,1
1855,2024-10-17,source_22,(referral),1,1
1856,2024-10-17,msn.com / referral,(referral),1,1
1857,2024-10-17,statics.teams.cdn.office.net / referral,(referral),1,1
1858,2024-10-17,vendeghazak.hu / referral,(referral),1,1
1859,2024-10-17,source_7,(referral),1,1
1860,2024-10-17,source_11,campaign_4,1,1
1861,2024-10-17,facebook / cpc,campaign_1,1,1
1862,2024-10-17,source_16,hirlevel_c6,1,1
1863,2024-10-17,ajanlat / offline,proposal-by-phone,1,1
1864,2024-10-17,(direct) / (none),(direct),160,189
1865,2024-10-18,(direct) / (none),(direct),144,175
1866,2024-10-18,google / cpc,campaign_23,1,1
1867,2024-10-18,google / cpc,(not set),125,151
1868,2024-10-18,google / organic,(organic),93,111
1869,2024-10-18,google / cpc,hu_brand,79,96
1870,2024-10-18,google / cpc,campaign_15,77,88
1871,2024-10-18,google / cpc,campaign_16,56,71
1872,2024-10-18,google / cpc,hu_pmax_brand,66,70
1873,2024-10-18,facebook / cpc,campaign_14,65,68
1874,2024-10-18,google / cpc,campaign_17,55,62
1875,2024-10-18,facebook / cpc,campaign_18,35,40
1876,2024-10-18,l.facebook.com / referral,(referral),30,30
1877,2024-10-18,facebook / cpc,campaign_57,23,24
1878,2024-10-18,google / cpc,campaign_20,20,23
1879,2024-10-18,google / cpc,campaign_19,19,21
1880,2024-10-18,facebook / cpc,campaign_56,15,15
1881,2024-10-18,facebook / cpc,campaign_21,12,12
1882,2024-10-18,m.facebook.com / referral,(referral),10,11
1883,2024-10-18,google / cpc,campaign_26,6,10
1884,2024-10-18,ajanlat / offline,campaign_2,6,10
1885,2024-10-18,bing / cpc,campaign_29,9,9
1886,2024-10-18,bing / cpc,campaign_31,8,8
1887,2024-10-18,google / cpc,(organic),6,7
1888,2024-10-18,bing / cpc,campaign_28,5,7
1889,2024-10-18,seznam / organic,(organic),2,5
1890,2024-10-18,source_1,(referral),4,5
1891,2024-10-18,source_11,hirlevel_c10,5,5
1892,2024-10-18,csodasmagyarorszag.hu / referral,(referral),4,4
1893,2024-10-18,email.seznam.cz / referral,(referral),3,4
1894,2024-10-18,instagram.com / referral,(referral),4,4
1895,2024-10-18,redir.d-edgeconnect.media / referral,(referral),3,4
1896,2024-10-18,l.instagram.com / referral,(referral),3,3
1897,2024-10-18,ajanlat / offline,proposal-by-phone,3,3
1898,2024-10-18,email / offline,proposal-by-phone,2,3
1899,2024-10-18,google / organic,(not set),1,2
1900,2024-10-18,bing / organic,(organic),2,2
1901,2024-10-18,lm.facebook.com / referral,(referral),2,2
1902,2024-10-18,ntp.msn.com / referral,(referral),2,2
1903,2024-10-18,google / cpc,campaign_30,2,2
1904,2024-10-18,source_9,hirlevel_c3,1,2
1905,2024-10-18,ajanlat / email,campaign_7,2,2
1906,2024-10-18,phone / offline,proposal-by-phone,2,2
1907,2024-10-18,google / cpc,utm_campaign,1,2
1908,2024-10-18,duckduckgo / organic,(organic),1,1
1909,2024-10-18,at.search.yahoo.com / referral,(referral),1,1
1910,2024-10-18,bild.de / referral,(referral),1,1
1911,2024-10-18,source_10,(referral),1,1
1912,2024-10-18,google / cpc,(referral),0,1
1913,2024-10-18,source_22,(referral),1,1
1914,2024-10-18,mail.google.com / referral,(referral),0,1
1915,2024-10-18,msn.com / referral,(referral),1,1
1916,2024-10-18,origo.hu / referral,(referral),1,1
1917,2024-10-18,t.post.sme.sk / referral,(referral),1,1
1918,2024-10-18,vendeghazak.hu / referral,(referral),1,1
1919,2024-10-18,zadir.hu / referral,(referral),1,1
1920,2024-10-18,google / cpc,campaign_43,1,1
1921,2024-10-18,bing / cpc,campaign_38,1,1
1922,2024-10-18,(not set),(not set),252,275
